{"stats":{"minecraft:picked_up":{"the_arcaneum:gruk":1,"lycanitesmobs:raw_chupacabra_meat":2,"minecraft:wheat":36,"minecraft:flower_pot":1,"iceandfire:dragonegg_white":3,"minecraft:wither_rose":1,"minecraft:enchanted_book":16,"gobber2:gobber2_chestplate_nether":1,"tombstone:grave_key":1,"born_in_chaos_v1:black_argillite":10,"minecraft:lapis_block":15,"lycanitesmobs:equipmentpart_geonachspear":2,"minecraft:string":128,"gobber2:gobber2_seed":199,"minecraft:soul_soil":12,"the_arcaneum:conglomerate_ore":35,"gobber2:gobber2_sword_nether":1,"lycanitesmobs:raw_aspid_meat":3,"minecraft:beetroot":3,"alexsmobs:blood_sac":1,"minecraft:gold_nugget":33,"minecraft:spruce_planks":56,"gobber2:gobber2_paxel":1,"lycanitesmobs:raw_bobeko_meat":2,"iceandfire:frozen_gravel":38,"minecraft:furnace":3,"byg:fir_sapling":9,"undead_expansion:shaded_stone_bricks":10,"gobber2:gobber2_ingot_nether":27,"minecraft:stick":70,"minecraft:torch":25,"undead_expansion:fracturedplating":8,"minecraft:spruce_stairs":10,"minecraft:acacia_log":2,"travelersbackpack:iron_tier_upgrade":1,"divinerpg:realmite_ore":1,"epicfight:skillbook":7,"minecraft:porkchop":2,"tombstone:grave_dust":19,"minecraft:diorite":140,"lycanitesmobs:geistliver":45,"minecraft:rotten_flesh":50,"zombie_extreme:rotten_apple":5,"lycanitesmobs:stablesummoningstaff":2,"lycanitesmobs:equipmentpart_bansheeeye":1,"minecraft:blaze_rod":18,"minecraft:obsidian":39,"minecraft:iron_bars":10,"minecraft:snowball":123,"byg:blue_spruce_sapling":1,"lycanitesmobs:lifedraincharge":3,"minecraft:cobblestone":1076,"minecraft:magma_block":38,"minecraft:leather_chestplate":1,"minecraft:feather":1,"minecraft:magma_cream":17,"minecraft:water_bucket":1,"minecraft:andesite":102,"minecraft:potato":2,"gobber2:gobber2_leggings":1,"alexsmobs:bear_fur":1,"minecraft:flint":19,"lycanitesmobs:icefireballcharge":2,"gobber2:gobber2_ore":11,"minecraft:wither_skeleton_skull":221,"minecraft:lapis_lazuli":45,"byg:fir_crafting_table":1,"minecraft:dirt":58,"gobber2:gobber2_ore_nether":4,"gobber2:gobber2_bow_nether":1,"gobber2:gobber2_helmet":1,"undead_expansion:ashes_of_zombie":1,"stalwart_dungeons:blaze_armor_scrap":10,"minecraft:bone":423,"forestcraft:sky_fragment":3,"undead_expansion:wandering_knight_armor_boots":2,"minecraft:bow":1,"minecraft:wheat_seeds":110,"gobber2:gobber2_globette":2,"minecraft:glowstone_dust":4,"minecraft:oak_planks":2,"the_arcaneum:corrupt_horror_eye":1,"lycanitesmobs:spectralboltcharge":19,"gobber2:gobber2_rod_nether":4,"minecraft:cooked_porkchop":86,"gobber2:gobber2_shovel_nether":1,"lycanitesmobs:equipmentpart_entarm":2,"lycanitesmobs:frostboltcharge":111,"iceandfire:dragonscales_sapphire":67,"mtmechs:ta_stack_item":12,"lycanitesmobs:equipmentpart_reiverhorns":1,"minecraft:sand":443,"minecraft:stripped_spruce_log":1,"undead_expansion:spawner_shard":2,"iceandfire:frozen_dirt":9,"minecraft:red_terracotta":6,"minecraft:mossy_cobblestone":19,"lycanitesmobs:scorchfireballcharge":7,"minecraft:diamond":6,"iceandfire:dragon_ice":8,"minecraft:granite":83,"minecraft:golden_apple":1,"minecraft:emerald":11,"gobber2:gobber2_axe_nether":1,"minecraft:oak_sapling":3,"minecraft:netherrack":1138,"morevillagers:blueprint_table":1,"iceandfire:silver_nugget":8,"gobber2:gobber2_boots":1,"minecraft:nether_star":32,"endrem:magical_eye":1,"minecraft:coarse_dirt":2,"minecraft:crafting_table":2,"byg:soapstone":309,"iceandfire:witherbone":4,"minecraft:ladder":1,"minecraft:brown_mushroom":3,"minecraft:packed_ice":2,"zombie_extreme:raw_tin":2,"gobber2:gobber2_boots_nether":1,"majruszs_accessories:giant_seed":1,"stalwart_dungeons:soul_bricks":1,"undead_expansion:ectoplasm":9,"iceandfire:frozen_grass":1,"minecraft:oak_trapdoor":1,"lycanitesmobs:embercharge":146,"minecraft:wooden_sword":1,"lycanitesmobs:tricksterflarecharge":1,"bloodandmadness:blood_vial":3,"gobber2:gobber2_pickaxe_nether":1,"minecraft:poppy":2,"minecraft:spruce_slab":79,"minecraft:phantom_membrane":3,"iceandfire:ice_dragon_heart":1,"byg:orange_oak_sapling":3,"minecraft:spruce_trapdoor":24,"undead_expansion:wandering_knight_armor_chestplate":1,"minecraft:sandstone":1,"iceandfire:dragonbone":12,"minecraft:stone":14,"lycanitesmobs:frostyfur":2,"minecraft:spruce_fence":3,"artifacts:vampiric_glove":2,"the_arcaneum:abomination_goo":1,"minecraft:prismarine_crystals":4,"gobber2:gobber2_leggings_nether":1,"iceandfire:dragon_skull_ice":1,"gobber2:gobber2_globette_nether":382,"lycanitesmobs:aquapulsecharge":1,"bountifulbaubles:potion_recall":6,"minecraft:arrow":121,"forestcraft:deep_rock":71,"minecraft:pumpkin_pie":1,"minecraft:nether_bricks":21,"minecraft:shears":1,"stalwart_dungeons:tungsten_axe":19,"byg:fir_log":80,"tombstone:essence_of_undeath":1,"minecraft:totem_of_undying":1,"graveyard:tg_moss_block":1,"byg:rocky_stone":32,"graveyard:tg_rooted_dirt":1,"minecraft:bone_block":18,"minecraft:white_wool":6,"minecraft:air":0,"artifacts:digging_claws":1,"minecraft:leather":39,"minecraft:red_mushroom":5,"minecraft:ice":38,"minecraft:bedrock":128,"minecraft:oak_log":121,"undead_expansion:fang_sword":1,"minecraft:ancient_debris":32,"minecraft:cobblestone_wall":1,"minecraft:gunpowder":3,"minecraft:cobblestone_stairs":1,"mowziesmobs:wrought_axe":1,"mtmechs:iron_gear_item":5,"divinerpg:torridite_ore":6,"alexsmobs:mosquito_proboscis":1,"zombie_extreme:raw_steel":3,"minecraft:blue_bed":2,"minecraft:paper":1,"infernalexp:soul_stone":41,"tombstone:gift":1,"minecraft:cooked_mutton":7,"undead_expansion:wandering_knight_armor_leggings":1,"bloodandmadness:quicksilver_bullet":2,"minecraft:apple":1,"minecraft:stone_bricks":3,"minecraft:kelp":69,"bloodandmadness:raw_quicksilver":3,"forestcraft:soul_essence":2,"minecraft:iron_ingot":199,"byg:skyris_sapling":11,"minecraft:iron_ore":6,"tombstone:bag_of_seeds":3,"zombie_extreme:cloth":2,"goblinsanddungeons:scoria":86,"minecraft:soul_sand":48,"minecraft:book":3,"minecraft:emerald_block":3,"minecraft:quartz":16,"minecraft:gravel":273,"minecraft:lava_bucket":12,"gobber2:gobber2_helmet_nether":1,"minecraft:spruce_sapling":78,"mowziesmobs:wrought_helmet":1,"minecraft:spruce_log":599,"minecraft:spruce_door":4,"undead_expansion:cracked_shaded_stone_bricks":4,"gobber2:gobber2_seed_nether":209,"byg:skyris_log":142,"travelersbackpack:standard":1,"minecraft:pumpkin_seeds":5,"minecraft:red_stained_glass":2,"bloodandmadness:coldblood_dew":875,"minecraft:purple_bed":1,"minecraft:white_concrete_powder":19,"undead_expansion:mossy_shaded_stone_bricks":6,"iceandfire:ice_dragon_flesh":11,"gobber2:gobber2_hammer_nether":1,"minecraft:black_wool":2,"minecraft:melon_seeds":3,"minecraft:coal":458,"minecraft:ender_pearl":22},"minecraft:crafted":{"minecraft:oak_planks":324,"gobber2:gobber2_paxel":1,"gobber2:gobber2_leggings":1,"gobber2:gobber2_pickaxe_nether":1,"gobber2:gobber2_chestplate_nether":2,"travelersbackpack:enderman":6,"minecraft:stone":294,"gobber2:gobber2_chestplate":1,"minecraft:nether_brick":1,"minecraft:glass":123,"tombstone:grave_key":4,"gobber2:gobber2_boots_nether":2,"minecraft:chest":4,"gobber2:gobber2_pickaxe":1,"forestcraft:bread_chunk":104,"byg:fir_planks":16,"minecraft:glass_bottle":9,"travelersbackpack:iron_tier_upgrade":2,"gobber2:gobber2_sword_nether":3,"minecraft:arrow":4,"minecraft:emerald":36,"gobber2:gobber2_ingot":96,"gobber2:gobber2_ingot_nether":132,"gobber2:gobber2_glob_nether":46,"minecraft:diamond_axe":1,"minecraft:crafting_table":2,"minecraft:spruce_planks":516,"gobber2:gobber2_hammer":1,"travelersbackpack:standard":2,"gobber2:gobber2_axe":1,"minecraft:spruce_door":42,"gobber2:gobber2_bow_nether":2,"gobber2:gobber2_rod":10,"forestcraft:netherite_scrap_piece":1,"gobber2:gobber2_helmet_nether":2,"ironchest:diamond_chest":8,"gobber2:gobber2_leggings_nether":2,"minecraft:spruce_trapdoor":40,"gobber2:gobber2_medallion_nether":3,"forestcraft:netherite_lighter":1,"minecraft:stick":12,"gobber2:gobber2_hammer_nether":2,"minecraft:iron_block":6,"iceandfire:dragon_horn":1,"forestcraft:molten_alloy":4,"minecraft:netherite_ingot":1,"minecraft:shears":2,"gobber2:gobber2_axe_nether":1,"gobber2:gobber2_paxel_nether":1,"gobber2:gobber2_shovel":1,"minecraft:iron_nugget":306,"iceandfire:dragon_stick":1,"minecraft:furnace":10,"minecraft:bone_meal":354,"minecraft:spruce_fence":48,"travelersbackpack:blank_upgrade":8,"travelersbackpack:gold_tier_upgrade":2,"minecraft:oak_trapdoor":72,"minecraft:flint_and_steel":1,"gobber2:gobber2_helmet":1,"travelersbackpack:magma_cube":1,"minecraft:lantern":32,"minecraft:diamond":36,"minecraft:spruce_stairs":32,"travelersbackpack:white_sleeping_bag":2,"minecraft:white_concrete_powder":512,"minecraft:iron_axe":2,"minecraft:spruce_slab":250,"gobber2:gobber2_rod_nether":22,"gobber2:gobber2_boots":1,"minecraft:netherite_scrap":32,"travelersbackpack:diamond_tier_upgrade":2,"minecraft:red_dye":1,"ironchest:gold_chest":8,"minecraft:spruce_sign":12,"iceandfire:dragon_meal":16,"travelersbackpack:backpack_tank":11,"minecraft:bucket":1,"minecraft:air":0,"gobber2:gobber2_medallion_exp":3,"minecraft:oak_log":6,"minecraft:red_stained_glass":16,"gobber2:gobber2_shovel_nether":1,"minecraft:white_dye":117,"minecraft:anvil":2,"minecraft:stonecutter":1,"minecraft:torch":36,"gobber2:gobber2_seed_nether":4,"minecraft:lapis_lazuli":135,"ironchest:iron_chest":8},"minecraft:killed":{"lycanitesmobs:krake":2,"minecraft:cave_spider":2,"minecraft:zombified_piglin":1,"lycanitesmobs:cephignis":1,"zombie_extreme:night_hunter":1,"lycanitesmobs:roc":2,"zombie_extreme:infected_juggernaut":1,"lycanitesmobs:spriggan":1,"the_arcaneum:sleep_paralysis_demon":1,"zombie_extreme:divided":1,"minecraft:skeleton":8,"undead_expansion:wandering_knight":9,"lycanitesmobs:bobeko":3,"undead_expansion:wandering_knight_leader":1,"minecraft:illusioner":1,"mtmechs:tunnelarmor":1,"minecraft:pig":10,"alexsmobs:grizzly_bear":1,"lycanitesmobs:geist":8,"the_arcaneum:grukclu":1,"lycanitesmobs:aspid":2,"alexsmobs:crimson_mosquito":1,"undead_expansion:haunter":28,"minecraft:sheep":1,"minecraft:trader_llama":2,"minecraft:pillager":4,"minecraft:zombie":10,"stalwart_dungeons:incomplete_wither":176,"the_arcaneum:snakoth":2,"zombienation:zombie_7":2,"zombienation:zombie_8":1,"born_in_chaos_v1:diamond_thermite":1,"zombie_extreme:devastated":1,"lycanitesmobs:geonach":3,"lycanitesmobs:raiko":1,"zombie_extreme:fetus":1,"divinerpg:hell_pig":2,"minecraft:blaze":3,"lycanitesmobs:tremor":1,"hmm:nun":1,"minecraft:evoker":1,"bloodandmadness:church_doctor":1,"lycanitesmobs:banshee":7,"lycanitesmobs:reaper":7,"mca:male_zombie_villager":2,"minecraft:vindicator":17,"zombienation:zombie_2":1,"lycanitesmobs:darkling":1,"the_arcaneum:abomination":1,"zombienation:zombie_6":4,"zombienation:zombie_5":1,"lycanitesmobs:cinder":50,"lycanitesmobs:ent":18,"divinerpg:rotatick":1,"minecraft:drowned":3,"lycanitesmobs:apollyon":1,"zombie_extreme:runner":7,"undead:lostsoul":5,"zombie_extreme:crawler":1,"zombie_extreme:boomer":1,"zombie_extreme:infected":6,"lycanitesmobs:grue":8,"stalwart_dungeons:reinforced_blaze":22,"forestcraft:desecrated_soul":1,"zombie_extreme:military":1,"lycanitesmobs:salamander":1,"lycanitesmobs:jengu":1,"zombienation:zombie_4":1,"iceandfire:ice_dragon":1,"epicfight:wither_skeleton_minion":1,"lycanitesmobs:wraith":3,"lycanitesmobs:reiver":37,"lycanitesmobs:afrit":4,"riskofrainmod:lemurian":1},"minecraft:mined":{"minecraft:spruce_planks":37,"minecraft:farmland":5,"byg:white_sage":1,"infernalexp:soul_stone":3,"minecraft:obsidian":3,"minecraft:spruce_trapdoor":33,"minecraft:granite":24,"byg:potted_fairy_slipper":1,"minecraft:grass_block":16,"minecraft:acacia_log":2,"the_arcaneum:conglomerate_ore":6,"byg:skyris_log":22,"minecraft:soul_soil":32,"undead_expansion:cracked_shaded_stone_bricks":4,"lycanitesmobs:hellfire":1,"minecraft:spawner":1,"minecraft:tall_seagrass":2,"minecraft:magma_block":28,"gobber2:gobber2_ore":3,"minecraft:fire":54,"gobber2:gobber2_ore_nether":4,"minecraft:iron_bars":2,"minecraft:purple_carpet":1,"byg:fir_leaves":4,"morevillagers:blueprint_table":1,"gobber2:gobber2_plant_nether":76,"dead_guys_untitled_deep_dark_:cold_sculk":4,"minecraft:spruce_slab":78,"gobber2:gobber2_plant":1,"minecraft:magenta_carpet":1,"minecraft:kelp_plant":6,"minecraft:soul_fire":2,"minecraft:torch":5,"minecraft:poppy":2,"iceandfire:frozen_dirt":123,"forestcraft:deep_rock":18,"undead_expansion:mossy_shaded_stone_bricks":7,"minecraft:nether_quartz_ore":4,"minecraft:wither_skeleton_wall_skull":1,"bloodandmadness:mercury_soaked_stone":1,"minecraft:cobblestone":87,"minecraft:oak_planks":2,"minecraft:damaged_anvil":1,"minecraft:wall_torch":4,"minecraft:seagrass":7,"byg:soapstone":17,"byg:fir_crafting_table":1,"minecraft:wheat":34,"dead_guys_untitled_deep_dark_:deep_flower":1,"byg:overgrown_stone":30,"minecraft:pumpkin_stem":1,"minecraft:stone_brick_stairs":2,"minecraft:grass":55,"minecraft:beetroots":4,"minecraft:oak_log":120,"minecraft:sand":453,"minecraft:dirt":59,"stalwart_dungeons:pusher":2,"minecraft:wither_skeleton_skull":1,"minecraft:netherrack":659,"minecraft:oak_leaves":4,"minecraft:attached_pumpkin_stem":1,"minecraft:nether_gold_ore":1,"minecraft:diamond_ore":1,"minecraft:mossy_cobblestone":13,"stalwart_dungeons:soul_bricks":4,"iceandfire:frozen_cobblestone":1,"minecraft:sea_lantern":2,"born_in_chaos_v1:infected_diamond_ore":1,"minecraft:nether_bricks":4,"iceandfire:frozen_stone":1,"minecraft:spruce_fence":5,"iceandfire:frozen_grass":13,"iceandfire:frozen_splinters":6,"minecraft:spruce_leaves":55,"iceandfire:dragon_ice":20,"minecraft:kelp":3,"minecraft:sandstone":1,"minecraft:white_concrete_powder":19,"minecraft:large_fern":9,"minecraft:hay_block":6,"byg:crocus":1,"minecraft:oak_trapdoor":1,"minecraft:redstone_ore":1,"minecraft:spruce_sapling":1,"minecraft:furnace":3,"graveyard:tg_moss_block":1,"byg:skyris_sapling":4,"minecraft:snow":1,"undead_expansion:shaded_stone_bricks":13,"minecraft:andesite":23,"lycanitesmobs:frostfire":231,"minecraft:stripped_spruce_log":1,"minecraft:mossy_stone_brick_stairs":2,"minecraft:potted_spruce_sapling":1,"byg:rocky_stone":9,"minecraft:stone":335,"minecraft:bone_block":18,"tconstruct:copper_ore":5,"minecraft:glass_pane":8,"minecraft:soul_sand":79,"goblinsanddungeons:scoria":7,"lycanitesmobs:doomfire":1,"lycanitesmobs:shadowfire":57,"iceandfire:frozen_gravel":130,"minecraft:spruce_door":3,"minecraft:crafting_table":2,"graveyard:tg_rooted_dirt":1,"minecraft:tall_grass":3,"minecraft:lapis_ore":2,"minecraft:diorite":46,"minecraft:blue_bed":4,"minecraft:air":2,"minecraft:spruce_stairs":10,"minecraft:purple_bed":2,"minecraft:coarse_dirt":3,"minecraft:cobblestone_wall":1,"minecraft:spruce_log":734,"byg:short_grass":4,"minecraft:grass_path":2,"iceandfire:silver_pile":1,"minecraft:black_wool":2,"minecraft:coal_ore":16,"minecraft:gravel":326,"byg:fir_log":144,"minecraft:polished_andesite":1,"lycanitesmobs:scorchfire":22,"minecraft:stone_bricks":3,"minecraft:fern":16},"minecraft:killed_by":{"zombie_extreme:chainsaw":1,"minecraft:vindicator":4,"lycanitesmobs:afrit":1,"minecraft:blaze":1,"lycanitesmobs:darkling":1,"lycanitesmobs:cinder":1,"minecraft:vex":4,"minecraft:player":24,"zombie_extreme:infected_police":1,"mowziesmobs:ferrous_wroughtnaut":5,"lycanitesmobs:reiver":2,"lycanitesmobs:grue":1,"undead_expansion:wandering_knight":1,"zombie_extreme:military":4},"minecraft:used":{"minecraft:spruce_slab":367,"minecraft:ladder":1,"minecraft:white_concrete_powder":353,"minecraft:stone":68,"gobber2:gobber2_sword_nether":1813,"minecraft:soul_sand":19,"minecraft:nether_bricks":21,"minecraft:snowball":2,"minecraft:obsidian":46,"minecraft:stripped_spruce_log":1,"minecraft:lava_bucket":7,"minecraft:lantern":8,"gobber2:gobber2_bow_nether":74,"forestcraft:netherite_lighter":1,"minecraft:stone_brick_stairs":4,"gobber2:gobber2_hammer":978,"minecraft:bedrock":128,"byg:fir_log":141,"carryon:tile_item":19,"minecraft:furnace":12,"epicfight:skillbook":3,"iceandfire:frozen_gravel":12,"minecraft:wither_skeleton_skull":15,"minecraft:spruce_door":23,"minecraft:red_stained_glass":38,"minecraft:oak_planks":95,"gobber2:gobber2_seed_nether":207,"minecraft:ender_pearl":2,"minecraft:blue_bed":2,"minecraft:diamond_axe":447,"gobber2:gobber2_paxel_nether":656,"mtmechs:ta_whole_item":1,"minecraft:fire_charge":1,"minecraft:wooden_sword":35,"minecraft:oak_trapdoor":73,"minecraft:air":2,"minecraft:bone_meal":179,"minecraft:experience_bottle":4,"gobber2:gobber2_paxel":1357,"minecraft:flint_and_steel":2,"minecraft:spruce_planks":45,"minecraft:netherrack":23,"minecraft:torch":23,"ironchest:diamond_chest":8,"minecraft:anvil":2,"minecraft:dirt":34,"minecraft:spruce_stairs":15,"minecraft:stone_stairs":5,"minecraft:spruce_fence":33,"minecraft:iron_axe":35,"carryon:entity_item":6,"byg:skyris_log":30,"minecraft:soul_soil":2,"minecraft:enchanted_golden_apple":1,"minecraft:wheat_seeds":14,"minecraft:water_bucket":28,"byg:fir_crafting_table":1,"minecraft:iron_ore":1,"gobber2:gobber2_hammer_nether":235,"minecraft:stonecutter":1,"minecraft:crafting_table":2,"iceandfire:dragonegg_white":3,"minecraft:spruce_log":1088,"mowziesmobs:wrought_axe":3,"minecraft:oak_log":119,"minecraft:black_wool":2,"iceandfire:dragon_horn":12,"minecraft:spruce_trapdoor":54,"minecraft:spruce_sapling":1,"minecraft:cobblestone":254,"minecraft:purple_bed":1,"travelersbackpack:standard":1,"minecraft:bucket":36},"minecraft:dropped":{"minecraft:spruce_sign":4,"minecraft:soul_sand":2,"minecraft:porkchop":2,"minecraft:lapis_lazuli":273,"gobber2:gobber2_sword":1,"iceandfire:frozen_dirt":6,"divinerpg:torridite_ore":6,"minecraft:leather":1,"travelersbackpack:iron_tier_upgrade":2,"travelersbackpack:standard":1,"minecraft:red_mushroom":2,"minecraft:flint":9,"minecraft:cobblestone_stairs":1,"undead_expansion:ectoplasm":1,"minecraft:dirt":24,"gobber2:gobber2_bow_nether":2,"minecraft:ice":8,"minecraft:snowball":14,"minecraft:sand":3,"gobber2:gobber2_boots_nether":2,"minecraft:white_wool":3,"bountifulbaubles:shield_cobalt":1,"undead_expansion:wandering_knight_armor_boots":1,"minecraft:bone":1,"majruszs_accessories:lucky_rock":1,"gobber2:gobber2_paxel":1,"minecraft:diamond_block":3,"gobber2:gobber2_sword_nether":4,"gobber2:gobber2_hammer_nether":2,"tombstone:gift":3,"minecraft:beetroot":3,"travelersbackpack:netherite_tier_upgrade":1,"gobber2:gobber2_ingot_nether":42,"byg:green_apple":8,"minecraft:poppy":1,"travelersbackpack:gold_tier_upgrade":1,"minecraft:leather_chestplate":1,"byg:skyris_log":2,"byg:rocky_stone":1,"bloodandmadness:coldblood_dew":183,"minecraft:melon_seeds":5,"lycanitesmobs:equipmentpart_geonachspear":1,"lycanitesmobs:raw_bobeko_meat":2,"gobber2:gobber2_helmet_nether":2,"minecraft:arrow":61,"minecraft:netherrack":738,"minecraft:enchanted_book":1,"minecraft:golden_boots":1,"minecraft:iron_ingot":60,"minecraft:stripped_spruce_log":1,"gobber2:gobber2_ingot":3,"minecraft:wheat_seeds":4,"lycanitesmobs:spectralboltcharge":2,"minecraft:mossy_cobblestone":19,"gobber2:gobber2_paxel_nether":2,"vampirism:hunter_coat_legs_ultimate":1,"minecraft:cobblestone":367,"minecraft:prismarine_crystals":2,"iceandfire:frozen_gravel":26,"undead_expansion:wandering_knight_armor_leggings":1,"minecraft:granite":64,"mtmechs:iron_gear_item":5,"minecraft:red_stained_glass":2,"byg:fir_sapling":9,"mowziesmobs:wrought_axe":1,"minecraft:stick":4,"gobber2:gobber2_chestplate_nether":2,"born_in_chaos_v1:black_argillite":10,"minecraft:diorite":68,"goblinsanddungeons:scoria":64,"minecraft:torch":5,"tombstone:grave_key":1,"travelersbackpack:enderman":1,"minecraft:dried_kelp":1,"mowziesmobs:wrought_helmet":1,"gobber2:gobber2_leggings_nether":2,"minecraft:spruce_sapling":77,"iceandfire:dragonbone":1,"minecraft:coarse_dirt":1,"the_arcaneum:conglomerate_ore":32,"artifacts:aqua_dashers":1,"travelersbackpack:diamond_tier_upgrade":2,"minecraft:totem_of_undying":1,"minecraft:shears":1,"alexsmobs:bear_fur":1,"iceandfire:dragon_ice":6,"mtmechs:ta_stack_item":12,"minecraft:flower_pot":1,"minecraft:spruce_planks":13,"minecraft:spruce_trapdoor":2,"minecraft:andesite":81,"stalwart_dungeons:tungsten_axe":3,"artifacts:antidote_vessel":1,"gobber2:gobber2_pickaxe":1,"minecraft:spruce_log":64,"gobber2:gobber2_hammer":1,"minecraft:magma_block":16,"gobber2:gobber2_medallion_exp":3,"lycanitesmobs:stablesummoningstaff":1},"minecraft:custom":{"lootr:looted_stat":51,"minecraft:animals_bred":5,"minecraft:interact_with_crafting_table":105,"minecraft:leave_game":117,"minecraft:time_since_death":75002,"minecraft:damage_resisted":84,"minecraft:sprint_one_cm":2579559,"minecraft:drop":519,"minecraft:talked_to_villager":1,"minecraft:deaths":51,"tombstone:tomb_raiding":2,"minecraft:jump":8322,"minecraft:walk_on_water_one_cm":71885,"minecraft:enchant_item":11,"minecraft:interact_with_furnace":62,"minecraft:traded_with_villager":1,"minecraft:play_one_minute":1108293,"minecraft:sleep_in_bed":15,"tombstone:sneak_grave":1,"minecraft:damage_dealt":155414,"minecraft:player_kills":10,"minecraft:crouch_one_cm":110362,"tombstone:undead_killed":267,"minecraft:interact_with_smithing_table":5,"minecraft:interact_with_anvil":23,"minecraft:mob_kills":523,"minecraft:climb_one_cm":12563,"minecraft:walk_one_cm":2371716,"minecraft:damage_dealt_absorbed":406,"minecraft:sneak_time":34006,"minecraft:walk_under_water_one_cm":108145,"tombstone:raider_killed":23,"minecraft:interact_with_stonecutter":1,"minecraft:time_since_rest":74695,"minecraft:damage_taken":46689,"minecraft:damage_absorbed":6032,"minecraft:swim_one_cm":36340,"minecraft:fly_one_cm":1216469,"minecraft:open_chest":766,"minecraft:fall_one_cm":350996},"minecraft:broken":{"gobber2:gobber2_boots":1,"gobber2:gobber2_helmet":2,"minecraft:iron_axe":1}},"DataVersion":2586}