{"stats":{"minecraft:dropped":{"minecraft:golden_boots":1,"minecraft:stripped_spruce_log":1,"gobber2:gobber2_ingot":3,"minecraft:porkchop":2,"minecraft:wheat_seeds":4,"lycanitesmobs:spectralboltcharge":2,"minecraft:mossy_cobblestone":19,"gobber2:gobber2_sword":1,"vampirism:hunter_coat_legs_ultimate":1,"minecraft:cobblestone":77,"minecraft:prismarine_crystals":2,"minecraft:leather":1,"minecraft:red_stained_glass":2,"byg:fir_sapling":9,"travelersbackpack:standard":1,"minecraft:flint":9,"minecraft:cobblestone_stairs":1,"minecraft:stick":4,"minecraft:red_mushroom":2,"undead_expansion:ectoplasm":1,"minecraft:dirt":21,"minecraft:diorite":42,"minecraft:ice":8,"goblinsanddungeons:scoria":64,"minecraft:torch":2,"tconstruct:copper_ore":18,"minecraft:snowball":14,"minecraft:dried_kelp":1,"minecraft:spruce_sapling":76,"minecraft:bone":1,"gobber2:gobber2_paxel":1,"minecraft:diamond_block":3,"tombstone:gift":2,"minecraft:shears":1,"byg:green_apple":8,"minecraft:poppy":1,"byg:skyris_log":2,"minecraft:flower_pot":1,"minecraft:spruce_planks":4,"bloodandmadness:coldblood_dew":30,"minecraft:andesite":64,"minecraft:melon_seeds":5,"gobber2:gobber2_pickaxe":1,"lycanitesmobs:raw_bobeko_meat":2,"minecraft:spruce_log":64,"gobber2:gobber2_hammer":1,"lycanitesmobs:stablesummoningstaff":1},"minecraft:killed":{"hmm:nun":1,"bloodandmadness:church_doctor":1,"lycanitesmobs:reaper":1,"lycanitesmobs:roc":2,"the_arcaneum:sleep_paralysis_demon":1,"lycanitesmobs:bobeko":2,"lycanitesmobs:ent":15,"minecraft:pig":2,"zombie_extreme:infected":1,"lycanitesmobs:grue":3,"lycanitesmobs:aspid":1,"undead_expansion:haunter":2,"minecraft:trader_llama":1,"lycanitesmobs:jengu":1,"lycanitesmobs:geonach":2,"lycanitesmobs:reiver":2},"minecraft:killed_by":{"minecraft:player":3,"zombie_extreme:chainsaw":1,"lycanitesmobs:reiver":1},"minecraft:picked_up":{"minecraft:crafting_table":2,"byg:soapstone":298,"minecraft:flower_pot":1,"minecraft:packed_ice":2,"undead_expansion:ectoplasm":1,"lycanitesmobs:equipmentpart_geonachspear":1,"minecraft:oak_trapdoor":1,"gobber2:gobber2_seed":4,"lycanitesmobs:raw_aspid_meat":3,"bloodandmadness:blood_vial":3,"minecraft:spruce_planks":35,"gobber2:gobber2_paxel":1,"lycanitesmobs:raw_bobeko_meat":2,"minecraft:poppy":2,"minecraft:spruce_slab":79,"minecraft:phantom_membrane":1,"byg:orange_oak_sapling":1,"minecraft:spruce_trapdoor":22,"minecraft:furnace":3,"byg:fir_sapling":9,"minecraft:stick":57,"minecraft:stone":14,"lycanitesmobs:frostyfur":2,"minecraft:torch":11,"minecraft:spruce_stairs":10,"minecraft:spruce_fence":3,"minecraft:porkchop":2,"minecraft:diorite":42,"lycanitesmobs:aquapulsecharge":1,"minecraft:shears":1,"byg:fir_log":80,"lycanitesmobs:stablesummoningstaff":2,"minecraft:obsidian":2,"minecraft:snowball":12,"minecraft:cobblestone":447,"artifacts:digging_claws":1,"minecraft:andesite":64,"minecraft:leather":1,"gobber2:gobber2_leggings":1,"minecraft:red_mushroom":2,"minecraft:ice":8,"minecraft:flint":9,"minecraft:oak_log":99,"lycanitesmobs:icefireballcharge":2,"minecraft:cobblestone_wall":1,"minecraft:cobblestone_stairs":1,"minecraft:dirt":32,"minecraft:blue_bed":1,"gobber2:gobber2_helmet":1,"minecraft:bone":2,"bloodandmadness:quicksilver_bullet":2,"forestcraft:sky_fragment":1,"minecraft:apple":1,"minecraft:kelp":5,"minecraft:wheat_seeds":4,"minecraft:iron_ingot":61,"byg:skyris_sapling":11,"minecraft:iron_ore":5,"gobber2:gobber2_globette":1,"minecraft:glowstone_dust":4,"goblinsanddungeons:scoria":64,"minecraft:oak_planks":2,"lycanitesmobs:spectralboltcharge":2,"tconstruct:copper_ore":18,"minecraft:emerald_block":3,"lycanitesmobs:equipmentpart_entarm":2,"lycanitesmobs:frostboltcharge":7,"minecraft:quartz":16,"minecraft:gravel":129,"minecraft:sand":203,"minecraft:stripped_spruce_log":1,"minecraft:spruce_sapling":77,"minecraft:spruce_log":594,"minecraft:spruce_door":4,"minecraft:mossy_cobblestone":19,"byg:skyris_log":142,"travelersbackpack:standard":1,"minecraft:red_stained_glass":2,"bloodandmadness:coldblood_dew":66,"minecraft:white_concrete_powder":11,"minecraft:oak_sapling":3,"minecraft:melon_seeds":3,"morevillagers:blueprint_table":1,"minecraft:coal":75,"gobber2:gobber2_boots":1,"minecraft:ender_pearl":2},"minecraft:used":{"minecraft:oak_trapdoor":73,"minecraft:flint_and_steel":2,"gobber2:gobber2_paxel":1103,"minecraft:spruce_slab":367,"minecraft:white_concrete_powder":211,"minecraft:stone":68,"minecraft:torch":12,"minecraft:dirt":19,"minecraft:spruce_stairs":15,"minecraft:stone_stairs":5,"minecraft:stripped_spruce_log":1,"minecraft:spruce_fence":9,"minecraft:obsidian":13,"minecraft:iron_axe":34,"minecraft:lantern":8,"carryon:entity_item":2,"minecraft:stone_brick_stairs":4,"gobber2:gobber2_hammer":60,"byg:fir_log":141,"carryon:tile_item":1,"byg:skyris_log":30,"minecraft:furnace":12,"minecraft:water_bucket":24,"minecraft:spruce_door":20,"minecraft:red_stained_glass":30,"minecraft:oak_planks":95,"minecraft:stonecutter":1,"minecraft:blue_bed":1,"minecraft:diamond_axe":446,"minecraft:crafting_table":1,"minecraft:spruce_log":1047,"minecraft:oak_log":70,"minecraft:spruce_trapdoor":36,"minecraft:spruce_sapling":1,"minecraft:cobblestone":146,"travelersbackpack:standard":1,"minecraft:bucket":25},"minecraft:crafted":{"minecraft:oak_planks":324,"gobber2:gobber2_shovel":1,"minecraft:iron_nugget":306,"gobber2:gobber2_paxel":1,"gobber2:gobber2_leggings":1,"minecraft:furnace":10,"minecraft:stone":294,"gobber2:gobber2_chestplate":1,"minecraft:bone_meal":57,"minecraft:spruce_fence":48,"minecraft:oak_trapdoor":72,"minecraft:flint_and_steel":1,"gobber2:gobber2_helmet":1,"minecraft:lantern":32,"minecraft:spruce_stairs":32,"minecraft:white_concrete_powder":256,"minecraft:iron_axe":1,"minecraft:spruce_slab":250,"gobber2:gobber2_boots":1,"gobber2:gobber2_pickaxe":1,"forestcraft:bread_chunk":104,"minecraft:red_dye":1,"minecraft:emerald":36,"gobber2:gobber2_ingot":45,"minecraft:diamond_axe":1,"minecraft:crafting_table":1,"minecraft:spruce_planks":324,"gobber2:gobber2_hammer":1,"gobber2:gobber2_axe":1,"minecraft:spruce_door":24,"gobber2:gobber2_rod":10,"minecraft:bucket":1,"minecraft:air":0,"minecraft:oak_log":6,"minecraft:spruce_trapdoor":20,"minecraft:red_stained_glass":16,"minecraft:white_dye":57,"minecraft:stick":8,"minecraft:stonecutter":1,"minecraft:torch":36,"minecraft:shears":1},"minecraft:mined":{"minecraft:spruce_planks":22,"minecraft:mossy_cobblestone":11,"minecraft:obsidian":1,"minecraft:spruce_trapdoor":29,"minecraft:grass_block":6,"minecraft:spruce_fence":5,"byg:skyris_log":20,"minecraft:spruce_leaves":32,"minecraft:white_concrete_powder":11,"minecraft:large_fern":2,"minecraft:tall_seagrass":1,"minecraft:oak_trapdoor":1,"minecraft:spruce_sapling":1,"minecraft:furnace":3,"byg:skyris_sapling":4,"minecraft:fire":2,"minecraft:stripped_spruce_log":1,"minecraft:potted_spruce_sapling":1,"byg:fir_leaves":3,"morevillagers:blueprint_table":1,"minecraft:stone":22,"minecraft:spruce_slab":78,"gobber2:gobber2_plant":1,"minecraft:glass_pane":8,"minecraft:spruce_door":3,"minecraft:crafting_table":2,"minecraft:torch":1,"minecraft:poppy":2,"minecraft:cobblestone":73,"minecraft:oak_planks":2,"minecraft:blue_bed":2,"minecraft:wall_torch":2,"minecraft:spruce_stairs":10,"minecraft:seagrass":4,"minecraft:purple_bed":1,"byg:soapstone":2,"minecraft:cobblestone_wall":1,"minecraft:spruce_log":729,"byg:overgrown_stone":4,"minecraft:grass_path":2,"minecraft:grass":7,"minecraft:oak_log":70,"minecraft:coal_ore":7,"minecraft:gravel":151,"minecraft:sand":207,"minecraft:dirt":1,"byg:fir_log":144,"minecraft:oak_leaves":4,"minecraft:fern":11},"minecraft:custom":{"lootr:looted_stat":5,"minecraft:mob_kills":38,"minecraft:interact_with_crafting_table":31,"minecraft:leave_game":41,"minecraft:time_since_death":24805,"minecraft:climb_one_cm":1632,"minecraft:sprint_one_cm":808920,"minecraft:walk_one_cm":828855,"minecraft:drop":404,"minecraft:damage_dealt_absorbed":66,"minecraft:talked_to_villager":1,"minecraft:deaths":5,"minecraft:sneak_time":17583,"minecraft:walk_under_water_one_cm":27689,"tombstone:tomb_raiding":1,"minecraft:jump":2346,"minecraft:walk_on_water_one_cm":43224,"minecraft:interact_with_furnace":34,"minecraft:traded_with_villager":1,"minecraft:play_one_minute":339339,"minecraft:interact_with_stonecutter":1,"minecraft:sleep_in_bed":8,"minecraft:time_since_rest":2759,"minecraft:damage_taken":3586,"minecraft:damage_dealt":9170,"minecraft:swim_one_cm":19121,"minecraft:fly_one_cm":300626,"minecraft:player_kills":1,"minecraft:open_chest":167,"minecraft:crouch_one_cm":67643,"tombstone:undead_killed":4,"minecraft:fall_one_cm":86885}},"DataVersion":2586}