{"stats":{"minecraft:crafted":{"minecraft:oak_planks":324,"gobber2:gobber2_shovel":1,"minecraft:iron_nugget":306,"gobber2:gobber2_paxel":1,"gobber2:gobber2_leggings":1,"minecraft:furnace":10,"minecraft:stone":294,"gobber2:gobber2_chestplate":1,"minecraft:bone_meal":117,"minecraft:spruce_fence":48,"minecraft:oak_trapdoor":72,"minecraft:flint_and_steel":1,"gobber2:gobber2_helmet":1,"minecraft:lantern":32,"minecraft:spruce_stairs":32,"minecraft:white_concrete_powder":512,"minecraft:iron_axe":2,"tombstone:grave_key":1,"minecraft:spruce_slab":250,"gobber2:gobber2_boots":1,"gobber2:gobber2_pickaxe":1,"forestcraft:bread_chunk":104,"minecraft:red_dye":1,"minecraft:emerald":36,"gobber2:gobber2_ingot":45,"minecraft:diamond_axe":1,"minecraft:crafting_table":1,"minecraft:spruce_planks":356,"gobber2:gobber2_hammer":1,"gobber2:gobber2_axe":1,"minecraft:spruce_door":39,"gobber2:gobber2_rod":10,"minecraft:bucket":1,"minecraft:air":0,"minecraft:oak_log":6,"minecraft:spruce_trapdoor":20,"minecraft:red_stained_glass":16,"minecraft:white_dye":117,"minecraft:stick":8,"minecraft:stonecutter":1,"minecraft:torch":36,"minecraft:shears":1},"minecraft:broken":{"minecraft:iron_axe":1},"minecraft:killed":{"hmm:nun":1,"bloodandmadness:church_doctor":1,"lycanitesmobs:reaper":1,"lycanitesmobs:roc":2,"lycanitesmobs:spriggan":1,"the_arcaneum:sleep_paralysis_demon":1,"lycanitesmobs:bobeko":2,"lycanitesmobs:ent":16,"minecraft:drowned":1,"minecraft:pig":2,"zombie_extreme:infected":1,"lycanitesmobs:grue":4,"lycanitesmobs:aspid":1,"undead_expansion:haunter":2,"minecraft:trader_llama":1,"zombienation:zombie_4":1,"lycanitesmobs:jengu":1,"lycanitesmobs:geonach":2,"lycanitesmobs:raiko":1,"lycanitesmobs:reiver":2},"minecraft:killed_by":{"minecraft:player":4,"zombie_extreme:chainsaw":1,"mowziesmobs:ferrous_wroughtnaut":5,"lycanitesmobs:reiver":1},"minecraft:custom":{"lootr:looted_stat":5,"minecraft:mob_kills":44,"minecraft:interact_with_crafting_table":35,"minecraft:leave_game":45,"minecraft:time_since_death":14051,"minecraft:climb_one_cm":1992,"minecraft:sprint_one_cm":1000463,"minecraft:walk_one_cm":1026869,"minecraft:drop":408,"minecraft:damage_dealt_absorbed":66,"minecraft:talked_to_villager":1,"minecraft:deaths":11,"minecraft:sneak_time":18259,"minecraft:walk_under_water_one_cm":55554,"tombstone:tomb_raiding":1,"minecraft:jump":2859,"minecraft:walk_on_water_one_cm":55253,"minecraft:interact_with_furnace":34,"minecraft:traded_with_villager":1,"minecraft:play_one_minute":420981,"minecraft:interact_with_stonecutter":1,"minecraft:sleep_in_bed":9,"minecraft:time_since_rest":13243,"minecraft:damage_taken":6496,"minecraft:damage_dealt":10597,"minecraft:swim_one_cm":28661,"minecraft:fly_one_cm":380636,"minecraft:player_kills":1,"minecraft:open_chest":216,"minecraft:crouch_one_cm":67836,"tombstone:undead_killed":6,"minecraft:fall_one_cm":108032},"minecraft:used":{"minecraft:oak_trapdoor":73,"minecraft:flint_and_steel":2,"gobber2:gobber2_paxel":1180,"minecraft:spruce_slab":367,"minecraft:white_concrete_powder":353,"minecraft:stone":68,"minecraft:torch":12,"minecraft:dirt":19,"minecraft:spruce_stairs":15,"minecraft:stone_stairs":5,"minecraft:stripped_spruce_log":1,"minecraft:spruce_fence":9,"minecraft:obsidian":13,"minecraft:lantern":8,"minecraft:iron_axe":35,"carryon:entity_item":2,"minecraft:stone_brick_stairs":4,"gobber2:gobber2_hammer":60,"byg:fir_log":141,"carryon:tile_item":1,"byg:skyris_log":30,"minecraft:furnace":12,"minecraft:water_bucket":24,"minecraft:spruce_door":23,"minecraft:red_stained_glass":38,"minecraft:oak_planks":95,"minecraft:stonecutter":1,"minecraft:blue_bed":1,"minecraft:diamond_axe":447,"minecraft:crafting_table":1,"minecraft:spruce_log":1088,"mowziesmobs:wrought_axe":3,"minecraft:oak_log":119,"minecraft:spruce_trapdoor":36,"minecraft:spruce_sapling":1,"minecraft:cobblestone":153,"travelersbackpack:standard":1,"minecraft:bucket":25,"minecraft:air":2},"minecraft:mined":{"minecraft:spruce_planks":22,"minecraft:mossy_cobblestone":11,"minecraft:obsidian":1,"minecraft:spruce_trapdoor":29,"minecraft:grass_block":6,"minecraft:spruce_fence":5,"byg:skyris_log":20,"minecraft:spruce_leaves":32,"minecraft:kelp":3,"minecraft:white_concrete_powder":19,"minecraft:large_fern":4,"minecraft:tall_seagrass":2,"minecraft:oak_trapdoor":1,"minecraft:spruce_sapling":1,"minecraft:furnace":3,"byg:skyris_sapling":4,"minecraft:fire":2,"lycanitesmobs:frostfire":21,"minecraft:stripped_spruce_log":1,"minecraft:potted_spruce_sapling":1,"byg:fir_leaves":3,"byg:rocky_stone":1,"morevillagers:blueprint_table":1,"minecraft:stone":29,"minecraft:spruce_slab":78,"gobber2:gobber2_plant":1,"minecraft:glass_pane":8,"minecraft:kelp_plant":6,"minecraft:spruce_door":3,"minecraft:crafting_table":2,"minecraft:torch":2,"minecraft:poppy":2,"minecraft:cobblestone":76,"minecraft:oak_planks":2,"minecraft:blue_bed":3,"minecraft:wall_torch":2,"minecraft:air":2,"minecraft:spruce_stairs":10,"minecraft:seagrass":7,"minecraft:purple_bed":1,"byg:soapstone":2,"minecraft:cobblestone_wall":1,"minecraft:spruce_log":734,"byg:overgrown_stone":6,"minecraft:grass_path":2,"minecraft:grass":8,"minecraft:coal_ore":7,"minecraft:oak_log":120,"minecraft:gravel":298,"minecraft:sand":339,"minecraft:dirt":1,"byg:fir_log":144,"minecraft:oak_leaves":4,"minecraft:fern":12},"minecraft:picked_up":{"lycanitesmobs:raw_chupacabra_meat":2,"minecraft:crafting_table":2,"byg:soapstone":298,"minecraft:flower_pot":1,"minecraft:packed_ice":2,"undead_expansion:ectoplasm":1,"lycanitesmobs:equipmentpart_geonachspear":1,"minecraft:oak_trapdoor":1,"gobber2:gobber2_seed":4,"lycanitesmobs:raw_aspid_meat":3,"bloodandmadness:blood_vial":3,"minecraft:spruce_planks":35,"gobber2:gobber2_paxel":1,"lycanitesmobs:raw_bobeko_meat":2,"minecraft:poppy":2,"minecraft:spruce_slab":79,"minecraft:spruce_trapdoor":22,"byg:orange_oak_sapling":3,"minecraft:phantom_membrane":1,"minecraft:furnace":3,"byg:fir_sapling":9,"minecraft:stick":66,"minecraft:stone":14,"lycanitesmobs:frostyfur":2,"minecraft:torch":11,"minecraft:spruce_stairs":10,"minecraft:spruce_fence":3,"artifacts:vampiric_glove":2,"minecraft:porkchop":2,"minecraft:diorite":42,"lycanitesmobs:aquapulsecharge":1,"minecraft:shears":1,"zombie_extreme:rotten_apple":1,"byg:fir_log":80,"lycanitesmobs:stablesummoningstaff":2,"minecraft:totem_of_undying":1,"minecraft:obsidian":4,"byg:rocky_stone":1,"minecraft:snowball":12,"lycanitesmobs:lifedraincharge":3,"minecraft:cobblestone":454,"artifacts:digging_claws":1,"minecraft:andesite":64,"minecraft:leather":2,"gobber2:gobber2_leggings":1,"minecraft:red_mushroom":2,"minecraft:ice":8,"minecraft:flint":18,"mowziesmobs:wrought_axe":1,"minecraft:oak_log":121,"lycanitesmobs:icefireballcharge":2,"minecraft:cobblestone_wall":1,"minecraft:cobblestone_stairs":1,"minecraft:dirt":32,"minecraft:blue_bed":1,"gobber2:gobber2_helmet":1,"minecraft:bone":6,"bloodandmadness:quicksilver_bullet":2,"forestcraft:sky_fragment":2,"minecraft:apple":1,"minecraft:kelp":69,"minecraft:wheat_seeds":5,"minecraft:iron_ingot":61,"minecraft:iron_ore":5,"byg:skyris_sapling":11,"gobber2:gobber2_globette":1,"minecraft:glowstone_dust":4,"goblinsanddungeons:scoria":64,"minecraft:oak_planks":2,"lycanitesmobs:spectralboltcharge":2,"tconstruct:copper_ore":18,"minecraft:emerald_block":3,"lycanitesmobs:equipmentpart_entarm":2,"lycanitesmobs:frostboltcharge":7,"minecraft:quartz":16,"minecraft:gravel":257,"mowziesmobs:wrought_helmet":1,"minecraft:sand":332,"minecraft:stripped_spruce_log":1,"minecraft:spruce_sapling":77,"minecraft:spruce_log":599,"minecraft:spruce_door":4,"minecraft:mossy_cobblestone":19,"byg:skyris_log":142,"travelersbackpack:standard":1,"bloodandmadness:coldblood_dew":81,"minecraft:red_stained_glass":2,"minecraft:white_concrete_powder":19,"minecraft:oak_sapling":3,"minecraft:melon_seeds":3,"morevillagers:blueprint_table":1,"minecraft:coal":75,"gobber2:gobber2_boots":1,"minecraft:ender_pearl":3},"minecraft:dropped":{"minecraft:golden_boots":1,"minecraft:stripped_spruce_log":1,"gobber2:gobber2_ingot":3,"minecraft:porkchop":2,"minecraft:wheat_seeds":4,"lycanitesmobs:spectralboltcharge":2,"minecraft:mossy_cobblestone":19,"gobber2:gobber2_sword":1,"vampirism:hunter_coat_legs_ultimate":1,"minecraft:cobblestone":77,"minecraft:prismarine_crystals":2,"minecraft:leather":1,"minecraft:red_stained_glass":2,"byg:fir_sapling":9,"travelersbackpack:standard":1,"mowziesmobs:wrought_axe":1,"minecraft:flint":9,"minecraft:cobblestone_stairs":1,"minecraft:red_mushroom":2,"minecraft:stick":4,"undead_expansion:ectoplasm":1,"minecraft:dirt":21,"minecraft:diorite":42,"minecraft:ice":8,"goblinsanddungeons:scoria":64,"minecraft:torch":2,"tconstruct:copper_ore":18,"minecraft:snowball":14,"minecraft:dried_kelp":1,"mowziesmobs:wrought_helmet":1,"minecraft:spruce_sapling":76,"minecraft:bone":1,"gobber2:gobber2_paxel":1,"minecraft:diamond_block":3,"tombstone:gift":2,"minecraft:totem_of_undying":1,"minecraft:shears":1,"byg:green_apple":8,"minecraft:poppy":1,"byg:skyris_log":2,"minecraft:flower_pot":1,"minecraft:spruce_planks":4,"byg:rocky_stone":1,"bloodandmadness:coldblood_dew":30,"minecraft:andesite":64,"minecraft:melon_seeds":5,"gobber2:gobber2_pickaxe":1,"lycanitesmobs:raw_bobeko_meat":2,"minecraft:spruce_log":64,"gobber2:gobber2_hammer":1,"lycanitesmobs:stablesummoningstaff":1}},"DataVersion":2586}