{"stats":{"minecraft:crafted":{"minecraft:oak_planks":324,"gobber2:gobber2_paxel":1,"gobber2:gobber2_leggings":1,"gobber2:gobber2_pickaxe_nether":1,"minecraft:stone":294,"gobber2:gobber2_chestplate":1,"minecraft:nether_brick":1,"minecraft:glass":20,"tombstone:grave_key":4,"gobber2:gobber2_pickaxe":1,"forestcraft:bread_chunk":104,"gobber2:gobber2_sword_nether":2,"gobber2:gobber2_ingot":69,"minecraft:emerald":36,"gobber2:gobber2_ingot_nether":36,"minecraft:diamond_axe":1,"gobber2:gobber2_glob_nether":12,"minecraft:crafting_table":2,"minecraft:spruce_planks":516,"gobber2:gobber2_hammer":1,"gobber2:gobber2_axe":1,"minecraft:spruce_door":42,"gobber2:gobber2_rod":10,"forestcraft:netherite_scrap_piece":1,"minecraft:spruce_trapdoor":40,"minecraft:stick":12,"forestcraft:netherite_lighter":1,"gobber2:gobber2_hammer_nether":1,"forestcraft:molten_alloy":4,"minecraft:shears":1,"gobber2:gobber2_axe_nether":1,"gobber2:gobber2_paxel_nether":1,"gobber2:gobber2_shovel":1,"minecraft:iron_nugget":306,"minecraft:furnace":10,"minecraft:bone_meal":342,"minecraft:spruce_fence":48,"minecraft:oak_trapdoor":72,"minecraft:flint_and_steel":1,"gobber2:gobber2_helmet":1,"minecraft:lantern":32,"minecraft:spruce_stairs":32,"minecraft:white_concrete_powder":512,"minecraft:iron_axe":2,"minecraft:spruce_slab":250,"gobber2:gobber2_rod_nether":12,"gobber2:gobber2_boots":1,"minecraft:red_dye":1,"minecraft:spruce_sign":12,"travelersbackpack:backpack_tank":3,"minecraft:bucket":1,"minecraft:air":0,"minecraft:oak_log":6,"minecraft:red_stained_glass":16,"gobber2:gobber2_shovel_nether":1,"minecraft:white_dye":117,"minecraft:stonecutter":1,"gobber2:gobber2_seed_nether":4,"minecraft:torch":36},"minecraft:broken":{"gobber2:gobber2_boots":1,"gobber2:gobber2_helmet":1,"minecraft:iron_axe":1},"minecraft:killed":{"lycanitesmobs:krake":2,"minecraft:cave_spider":2,"lycanitesmobs:roc":2,"lycanitesmobs:spriggan":1,"the_arcaneum:sleep_paralysis_demon":1,"zombie_extreme:divided":1,"minecraft:skeleton":2,"lycanitesmobs:bobeko":2,"minecraft:illusioner":1,"minecraft:pig":2,"lycanitesmobs:aspid":2,"undead_expansion:haunter":3,"minecraft:trader_llama":1,"minecraft:pillager":4,"minecraft:zombie":1,"born_in_chaos_v1:diamond_thermite":1,"zombie_extreme:devastated":1,"lycanitesmobs:geonach":3,"lycanitesmobs:raiko":1,"zombie_extreme:fetus":1,"hmm:nun":1,"minecraft:evoker":1,"bloodandmadness:church_doctor":1,"lycanitesmobs:reaper":1,"minecraft:vindicator":17,"lycanitesmobs:ent":17,"minecraft:drowned":3,"zombie_extreme:runner":4,"undead:lostsoul":2,"zombie_extreme:boomer":1,"zombie_extreme:infected":4,"lycanitesmobs:grue":5,"forestcraft:desecrated_soul":1,"zombie_extreme:military":1,"lycanitesmobs:jengu":1,"zombienation:zombie_4":1,"lycanitesmobs:reiver":5},"minecraft:killed_by":{"zombie_extreme:chainsaw":1,"minecraft:vindicator":4,"lycanitesmobs:afrit":1,"minecraft:vex":4,"minecraft:player":5,"zombie_extreme:infected_police":1,"mowziesmobs:ferrous_wroughtnaut":5,"lycanitesmobs:reiver":2,"lycanitesmobs:grue":1,"zombie_extreme:military":4},"minecraft:custom":{"lootr:looted_stat":24,"minecraft:interact_with_crafting_table":54,"minecraft:leave_game":69,"minecraft:time_since_death":6165,"minecraft:sprint_one_cm":1298087,"minecraft:drop":439,"minecraft:talked_to_villager":1,"minecraft:deaths":28,"tombstone:tomb_raiding":1,"minecraft:jump":3813,"minecraft:walk_on_water_one_cm":62173,"minecraft:interact_with_furnace":40,"minecraft:traded_with_villager":1,"minecraft:play_one_minute":612094,"minecraft:sleep_in_bed":11,"minecraft:damage_dealt":23556,"minecraft:player_kills":1,"minecraft:crouch_one_cm":86728,"tombstone:undead_killed":16,"minecraft:mob_kills":98,"minecraft:climb_one_cm":6282,"minecraft:walk_one_cm":1340090,"minecraft:damage_dealt_absorbed":406,"minecraft:sneak_time":24707,"minecraft:walk_under_water_one_cm":76233,"tombstone:raider_killed":23,"minecraft:interact_with_stonecutter":1,"minecraft:time_since_rest":5878,"minecraft:damage_taken":14429,"minecraft:damage_absorbed":506,"minecraft:swim_one_cm":30907,"minecraft:fly_one_cm":495741,"minecraft:open_chest":288,"minecraft:fall_one_cm":161304},"minecraft:used":{"minecraft:spruce_slab":367,"minecraft:ladder":1,"minecraft:white_concrete_powder":353,"minecraft:stone":68,"gobber2:gobber2_sword_nether":124,"minecraft:stripped_spruce_log":1,"minecraft:obsidian":13,"minecraft:lava_bucket":7,"minecraft:lantern":8,"forestcraft:netherite_lighter":1,"minecraft:stone_brick_stairs":4,"gobber2:gobber2_hammer":978,"byg:fir_log":141,"carryon:tile_item":1,"minecraft:furnace":12,"minecraft:spruce_door":23,"minecraft:red_stained_glass":38,"minecraft:oak_planks":95,"gobber2:gobber2_seed_nether":207,"minecraft:ender_pearl":1,"minecraft:blue_bed":1,"minecraft:diamond_axe":447,"minecraft:fire_charge":1,"minecraft:air":2,"minecraft:bone_meal":167,"minecraft:oak_trapdoor":73,"minecraft:flint_and_steel":2,"gobber2:gobber2_paxel":1357,"minecraft:spruce_planks":44,"minecraft:netherrack":23,"minecraft:torch":12,"minecraft:dirt":21,"minecraft:spruce_stairs":15,"minecraft:stone_stairs":5,"minecraft:spruce_fence":9,"minecraft:iron_axe":35,"carryon:entity_item":2,"byg:skyris_log":30,"minecraft:water_bucket":27,"gobber2:gobber2_hammer_nether":36,"minecraft:stonecutter":1,"minecraft:crafting_table":2,"minecraft:spruce_log":1088,"mowziesmobs:wrought_axe":3,"minecraft:oak_log":119,"minecraft:spruce_trapdoor":54,"minecraft:spruce_sapling":1,"minecraft:cobblestone":155,"travelersbackpack:standard":1,"minecraft:bucket":35},"minecraft:mined":{"minecraft:spruce_planks":26,"minecraft:farmland":2,"infernalexp:soul_stone":3,"minecraft:obsidian":1,"minecraft:spruce_trapdoor":31,"minecraft:granite":19,"minecraft:acacia_log":2,"minecraft:grass_block":8,"byg:skyris_log":20,"the_arcaneum:conglomerate_ore":2,"minecraft:soul_soil":17,"minecraft:tall_seagrass":2,"minecraft:magma_block":17,"gobber2:gobber2_ore":3,"minecraft:fire":3,"gobber2:gobber2_ore_nether":4,"minecraft:iron_bars":1,"minecraft:purple_carpet":1,"byg:fir_leaves":4,"morevillagers:blueprint_table":1,"gobber2:gobber2_plant_nether":76,"gobber2:gobber2_plant":1,"minecraft:spruce_slab":78,"dead_guys_untitled_deep_dark_:cold_sculk":1,"minecraft:magenta_carpet":1,"minecraft:kelp_plant":6,"minecraft:soul_fire":1,"minecraft:torch":2,"minecraft:poppy":2,"forestcraft:deep_rock":12,"minecraft:nether_quartz_ore":4,"minecraft:cobblestone":77,"bloodandmadness:mercury_soaked_stone":1,"minecraft:oak_planks":2,"minecraft:wall_torch":2,"minecraft:seagrass":7,"byg:soapstone":11,"dead_guys_untitled_deep_dark_:deep_flower":1,"byg:overgrown_stone":6,"minecraft:grass":12,"minecraft:oak_log":120,"minecraft:sand":342,"minecraft:dirt":11,"minecraft:netherrack":617,"minecraft:oak_leaves":4,"minecraft:nether_gold_ore":1,"minecraft:diamond_ore":1,"minecraft:mossy_cobblestone":12,"born_in_chaos_v1:infected_diamond_ore":1,"minecraft:spruce_fence":5,"minecraft:spruce_leaves":52,"minecraft:kelp":3,"minecraft:white_concrete_powder":19,"minecraft:large_fern":6,"minecraft:oak_trapdoor":1,"minecraft:spruce_sapling":1,"minecraft:furnace":3,"byg:skyris_sapling":4,"minecraft:andesite":11,"lycanitesmobs:frostfire":21,"minecraft:stripped_spruce_log":1,"minecraft:potted_spruce_sapling":1,"byg:rocky_stone":3,"minecraft:stone":168,"minecraft:bone_block":18,"tconstruct:copper_ore":1,"minecraft:glass_pane":8,"minecraft:soul_sand":17,"lycanitesmobs:shadowfire":1,"minecraft:spruce_door":3,"goblinsanddungeons:scoria":5,"minecraft:crafting_table":2,"minecraft:tall_grass":1,"minecraft:diorite":6,"minecraft:blue_bed":3,"minecraft:air":2,"minecraft:spruce_stairs":10,"minecraft:purple_bed":1,"minecraft:coarse_dirt":3,"minecraft:cobblestone_wall":1,"minecraft:spruce_log":734,"minecraft:grass_path":2,"minecraft:coal_ore":11,"minecraft:gravel":298,"byg:fir_log":144,"minecraft:fern":13},"minecraft:picked_up":{"lycanitesmobs:raw_chupacabra_meat":2,"minecraft:flower_pot":1,"tombstone:grave_key":1,"lycanitesmobs:equipmentpart_geonachspear":2,"gobber2:gobber2_seed":196,"minecraft:soul_soil":10,"lycanitesmobs:raw_aspid_meat":3,"the_arcaneum:conglomerate_ore":30,"minecraft:gold_nugget":33,"minecraft:spruce_planks":38,"gobber2:gobber2_paxel":1,"lycanitesmobs:raw_bobeko_meat":2,"minecraft:furnace":3,"byg:fir_sapling":9,"minecraft:stick":70,"minecraft:torch":12,"minecraft:acacia_log":2,"minecraft:spruce_stairs":10,"minecraft:porkchop":2,"minecraft:diorite":42,"minecraft:rotten_flesh":11,"zombie_extreme:rotten_apple":1,"lycanitesmobs:stablesummoningstaff":2,"minecraft:obsidian":4,"minecraft:iron_bars":10,"minecraft:snowball":12,"lycanitesmobs:lifedraincharge":3,"minecraft:cobblestone":562,"minecraft:magma_block":32,"minecraft:feather":1,"minecraft:magma_cream":17,"minecraft:water_bucket":1,"minecraft:andesite":81,"gobber2:gobber2_leggings":1,"minecraft:flint":18,"lycanitesmobs:icefireballcharge":2,"gobber2:gobber2_ore":11,"minecraft:dirt":35,"gobber2:gobber2_ore_nether":4,"gobber2:gobber2_helmet":1,"minecraft:bone":9,"forestcraft:sky_fragment":2,"minecraft:wheat_seeds":6,"gobber2:gobber2_globette":1,"minecraft:glowstone_dust":4,"minecraft:oak_planks":2,"lycanitesmobs:spectralboltcharge":2,"gobber2:gobber2_rod_nether":2,"gobber2:gobber2_shovel_nether":1,"lycanitesmobs:equipmentpart_entarm":2,"lycanitesmobs:frostboltcharge":7,"minecraft:sand":335,"minecraft:stripped_spruce_log":1,"minecraft:mossy_cobblestone":19,"lycanitesmobs:scorchfireballcharge":4,"minecraft:diamond":4,"minecraft:granite":61,"minecraft:emerald":11,"morevillagers:blueprint_table":1,"minecraft:netherrack":692,"minecraft:oak_sapling":3,"gobber2:gobber2_axe_nether":1,"gobber2:gobber2_boots":1,"endrem:magical_eye":1,"minecraft:coarse_dirt":2,"minecraft:crafting_table":2,"byg:soapstone":298,"minecraft:ladder":1,"minecraft:brown_mushroom":3,"minecraft:packed_ice":2,"undead_expansion:ectoplasm":2,"minecraft:oak_trapdoor":1,"lycanitesmobs:tricksterflarecharge":1,"bloodandmadness:blood_vial":3,"gobber2:gobber2_pickaxe_nether":1,"minecraft:poppy":2,"minecraft:spruce_slab":79,"byg:orange_oak_sapling":3,"minecraft:phantom_membrane":1,"minecraft:spruce_trapdoor":22,"minecraft:stone":14,"lycanitesmobs:frostyfur":2,"minecraft:spruce_fence":3,"artifacts:vampiric_glove":2,"gobber2:gobber2_globette_nether":74,"lycanitesmobs:aquapulsecharge":1,"minecraft:shears":1,"byg:fir_log":80,"minecraft:totem_of_undying":1,"byg:rocky_stone":1,"minecraft:bone_block":18,"artifacts:digging_claws":1,"minecraft:leather":4,"minecraft:red_mushroom":5,"minecraft:ice":8,"minecraft:oak_log":121,"undead_expansion:fang_sword":1,"minecraft:cobblestone_wall":1,"minecraft:cobblestone_stairs":1,"mowziesmobs:wrought_axe":1,"divinerpg:torridite_ore":6,"minecraft:blue_bed":1,"infernalexp:soul_stone":41,"zombie_extreme:raw_steel":2,"tombstone:gift":1,"bloodandmadness:quicksilver_bullet":2,"minecraft:apple":1,"minecraft:kelp":69,"forestcraft:soul_essence":2,"minecraft:iron_ingot":182,"byg:skyris_sapling":11,"minecraft:iron_ore":5,"goblinsanddungeons:scoria":64,"minecraft:book":3,"tconstruct:copper_ore":27,"minecraft:emerald_block":3,"minecraft:quartz":16,"minecraft:gravel":257,"minecraft:lava_bucket":10,"mowziesmobs:wrought_helmet":1,"minecraft:spruce_sapling":78,"minecraft:spruce_log":599,"minecraft:spruce_door":4,"gobber2:gobber2_seed_nether":204,"byg:skyris_log":142,"travelersbackpack:standard":1,"minecraft:pumpkin_seeds":3,"minecraft:red_stained_glass":2,"bloodandmadness:coldblood_dew":282,"minecraft:white_concrete_powder":19,"minecraft:melon_seeds":3,"minecraft:coal":75,"minecraft:ender_pearl":5},"minecraft:dropped":{"minecraft:spruce_sign":4,"minecraft:porkchop":2,"gobber2:gobber2_sword":1,"divinerpg:torridite_ore":6,"minecraft:leather":1,"travelersbackpack:standard":1,"minecraft:red_mushroom":2,"minecraft:flint":9,"minecraft:cobblestone_stairs":1,"undead_expansion:ectoplasm":1,"minecraft:dirt":21,"minecraft:ice":8,"minecraft:snowball":14,"minecraft:sand":3,"minecraft:bone":1,"gobber2:gobber2_paxel":1,"minecraft:diamond_block":3,"gobber2:gobber2_sword_nether":1,"tombstone:gift":3,"byg:green_apple":8,"minecraft:poppy":1,"byg:skyris_log":2,"byg:rocky_stone":1,"bloodandmadness:coldblood_dew":94,"minecraft:melon_seeds":5,"lycanitesmobs:equipmentpart_geonachspear":1,"lycanitesmobs:raw_bobeko_meat":2,"minecraft:netherrack":546,"minecraft:golden_boots":1,"minecraft:iron_ingot":60,"minecraft:stripped_spruce_log":1,"gobber2:gobber2_ingot":3,"lycanitesmobs:spectralboltcharge":2,"minecraft:wheat_seeds":4,"minecraft:mossy_cobblestone":19,"gobber2:gobber2_paxel_nether":1,"vampirism:hunter_coat_legs_ultimate":1,"minecraft:cobblestone":118,"minecraft:prismarine_crystals":2,"minecraft:granite":64,"minecraft:red_stained_glass":2,"byg:fir_sapling":9,"mowziesmobs:wrought_axe":1,"minecraft:stick":4,"minecraft:diorite":42,"goblinsanddungeons:scoria":64,"minecraft:torch":3,"tombstone:grave_key":1,"tconstruct:copper_ore":18,"minecraft:dried_kelp":1,"mowziesmobs:wrought_helmet":1,"minecraft:spruce_sapling":77,"minecraft:coarse_dirt":1,"minecraft:totem_of_undying":1,"minecraft:shears":1,"minecraft:flower_pot":1,"minecraft:spruce_planks":4,"minecraft:andesite":81,"gobber2:gobber2_pickaxe":1,"minecraft:spruce_log":64,"gobber2:gobber2_hammer":1,"minecraft:magma_block":16,"lycanitesmobs:stablesummoningstaff":1}},"DataVersion":2586}