{"stats":{"minecraft:dropped":{"minecraft:spruce_sign":4,"minecraft:soul_sand":2,"minecraft:porkchop":2,"minecraft:lapis_lazuli":93,"gobber2:gobber2_sword":1,"iceandfire:frozen_dirt":6,"divinerpg:torridite_ore":6,"minecraft:leather":1,"travelersbackpack:standard":1,"minecraft:red_mushroom":2,"minecraft:flint":9,"minecraft:cobblestone_stairs":1,"undead_expansion:ectoplasm":1,"minecraft:dirt":21,"gobber2:gobber2_bow_nether":1,"minecraft:ice":8,"minecraft:snowball":14,"minecraft:sand":3,"gobber2:gobber2_boots_nether":2,"bountifulbaubles:shield_cobalt":1,"undead_expansion:wandering_knight_armor_boots":1,"minecraft:bone":1,"majruszs_accessories:lucky_rock":1,"gobber2:gobber2_paxel":1,"minecraft:diamond_block":3,"gobber2:gobber2_sword_nether":4,"gobber2:gobber2_hammer_nether":2,"tombstone:gift":3,"gobber2:gobber2_ingot_nether":42,"byg:green_apple":8,"minecraft:poppy":1,"byg:skyris_log":2,"byg:rocky_stone":1,"bloodandmadness:coldblood_dew":158,"minecraft:melon_seeds":5,"lycanitesmobs:equipmentpart_geonachspear":1,"lycanitesmobs:raw_bobeko_meat":2,"gobber2:gobber2_helmet_nether":2,"minecraft:netherrack":738,"minecraft:enchanted_book":1,"minecraft:golden_boots":1,"minecraft:iron_ingot":60,"minecraft:stripped_spruce_log":1,"gobber2:gobber2_ingot":3,"minecraft:wheat_seeds":4,"lycanitesmobs:spectralboltcharge":2,"minecraft:mossy_cobblestone":19,"gobber2:gobber2_paxel_nether":2,"vampirism:hunter_coat_legs_ultimate":1,"minecraft:cobblestone":303,"minecraft:prismarine_crystals":2,"iceandfire:frozen_gravel":26,"undead_expansion:wandering_knight_armor_leggings":1,"minecraft:granite":64,"minecraft:red_stained_glass":2,"byg:fir_sapling":9,"mowziesmobs:wrought_axe":1,"minecraft:stick":4,"gobber2:gobber2_chestplate_nether":2,"born_in_chaos_v1:black_argillite":10,"minecraft:diorite":68,"goblinsanddungeons:scoria":64,"minecraft:torch":5,"tombstone:grave_key":1,"tconstruct:copper_ore":18,"minecraft:dried_kelp":1,"mowziesmobs:wrought_helmet":1,"gobber2:gobber2_leggings_nether":2,"minecraft:spruce_sapling":77,"minecraft:coarse_dirt":1,"the_arcaneum:conglomerate_ore":5,"artifacts:aqua_dashers":1,"minecraft:totem_of_undying":1,"travelersbackpack:diamond_tier_upgrade":1,"minecraft:shears":1,"iceandfire:dragon_ice":6,"minecraft:flower_pot":1,"minecraft:spruce_trapdoor":2,"minecraft:spruce_planks":4,"minecraft:andesite":81,"artifacts:antidote_vessel":1,"gobber2:gobber2_pickaxe":1,"minecraft:spruce_log":64,"gobber2:gobber2_hammer":1,"minecraft:magma_block":16,"gobber2:gobber2_medallion_exp":1,"lycanitesmobs:stablesummoningstaff":1},"minecraft:mined":{"minecraft:spruce_planks":37,"minecraft:farmland":2,"byg:white_sage":1,"infernalexp:soul_stone":3,"minecraft:obsidian":1,"minecraft:spruce_trapdoor":33,"minecraft:granite":24,"minecraft:grass_block":11,"minecraft:acacia_log":2,"byg:skyris_log":20,"the_arcaneum:conglomerate_ore":4,"minecraft:soul_soil":30,"undead_expansion:cracked_shaded_stone_bricks":4,"lycanitesmobs:hellfire":1,"minecraft:spawner":1,"minecraft:tall_seagrass":2,"minecraft:magma_block":28,"gobber2:gobber2_ore":3,"minecraft:fire":44,"gobber2:gobber2_ore_nether":4,"minecraft:iron_bars":2,"minecraft:purple_carpet":1,"byg:fir_leaves":4,"morevillagers:blueprint_table":1,"gobber2:gobber2_plant_nether":76,"dead_guys_untitled_deep_dark_:cold_sculk":4,"minecraft:spruce_slab":78,"gobber2:gobber2_plant":1,"minecraft:magenta_carpet":1,"minecraft:kelp_plant":6,"minecraft:soul_fire":2,"minecraft:torch":5,"minecraft:poppy":2,"iceandfire:frozen_dirt":120,"forestcraft:deep_rock":18,"undead_expansion:mossy_shaded_stone_bricks":7,"minecraft:nether_quartz_ore":4,"minecraft:wither_skeleton_wall_skull":1,"bloodandmadness:mercury_soaked_stone":1,"minecraft:cobblestone":87,"minecraft:oak_planks":2,"minecraft:damaged_anvil":1,"minecraft:wall_torch":4,"minecraft:seagrass":7,"byg:soapstone":13,"byg:fir_crafting_table":1,"dead_guys_untitled_deep_dark_:deep_flower":1,"byg:overgrown_stone":6,"minecraft:stone_brick_stairs":2,"minecraft:grass":29,"minecraft:oak_log":120,"minecraft:sand":342,"minecraft:dirt":52,"minecraft:wither_skeleton_skull":1,"minecraft:netherrack":659,"minecraft:oak_leaves":4,"minecraft:nether_gold_ore":1,"minecraft:diamond_ore":1,"minecraft:mossy_cobblestone":12,"iceandfire:frozen_cobblestone":1,"born_in_chaos_v1:infected_diamond_ore":1,"minecraft:nether_bricks":4,"iceandfire:frozen_stone":1,"minecraft:spruce_fence":5,"iceandfire:frozen_grass":13,"iceandfire:frozen_splinters":6,"minecraft:spruce_leaves":52,"iceandfire:dragon_ice":20,"minecraft:kelp":3,"minecraft:white_concrete_powder":19,"minecraft:large_fern":8,"minecraft:redstone_ore":1,"minecraft:oak_trapdoor":1,"minecraft:spruce_sapling":1,"minecraft:furnace":3,"byg:skyris_sapling":4,"undead_expansion:shaded_stone_bricks":13,"minecraft:andesite":19,"lycanitesmobs:frostfire":21,"minecraft:stripped_spruce_log":1,"minecraft:mossy_stone_brick_stairs":2,"minecraft:potted_spruce_sapling":1,"byg:rocky_stone":6,"minecraft:stone":310,"minecraft:bone_block":18,"tconstruct:copper_ore":3,"minecraft:glass_pane":8,"minecraft:soul_sand":78,"lycanitesmobs:shadowfire":10,"minecraft:spruce_door":3,"goblinsanddungeons:scoria":7,"iceandfire:frozen_gravel":128,"minecraft:crafting_table":2,"minecraft:tall_grass":1,"minecraft:lapis_ore":2,"minecraft:diorite":41,"minecraft:blue_bed":4,"minecraft:air":2,"minecraft:spruce_stairs":10,"minecraft:purple_bed":2,"minecraft:coarse_dirt":3,"minecraft:cobblestone_wall":1,"minecraft:spruce_log":734,"minecraft:grass_path":2,"minecraft:black_wool":2,"minecraft:coal_ore":16,"minecraft:gravel":320,"byg:fir_log":144,"lycanitesmobs:scorchfire":22,"minecraft:fern":16},"minecraft:custom":{"lootr:looted_stat":34,"minecraft:interact_with_crafting_table":72,"minecraft:leave_game":82,"minecraft:time_since_death":11237,"minecraft:sprint_one_cm":1891943,"minecraft:drop":486,"minecraft:talked_to_villager":1,"minecraft:deaths":45,"tombstone:tomb_raiding":2,"minecraft:jump":5927,"minecraft:walk_on_water_one_cm":63476,"minecraft:enchant_item":11,"minecraft:interact_with_furnace":48,"minecraft:traded_with_villager":1,"minecraft:play_one_minute":879206,"minecraft:sleep_in_bed":12,"minecraft:damage_dealt":60489,"minecraft:player_kills":10,"minecraft:crouch_one_cm":105148,"tombstone:undead_killed":69,"minecraft:interact_with_anvil":7,"minecraft:mob_kills":258,"minecraft:climb_one_cm":11074,"minecraft:walk_one_cm":1916338,"minecraft:damage_dealt_absorbed":406,"minecraft:sneak_time":31592,"minecraft:walk_under_water_one_cm":96976,"tombstone:raider_killed":23,"minecraft:interact_with_stonecutter":1,"minecraft:time_since_rest":11096,"minecraft:damage_taken":28202,"minecraft:damage_absorbed":1518,"minecraft:swim_one_cm":32333,"minecraft:fly_one_cm":773929,"minecraft:open_chest":419,"minecraft:fall_one_cm":232222},"minecraft:picked_up":{"lycanitesmobs:raw_chupacabra_meat":2,"minecraft:flower_pot":1,"minecraft:wither_rose":1,"minecraft:enchanted_book":3,"gobber2:gobber2_chestplate_nether":1,"tombstone:grave_key":1,"born_in_chaos_v1:black_argillite":10,"lycanitesmobs:equipmentpart_geonachspear":2,"gobber2:gobber2_seed":196,"minecraft:soul_soil":10,"gobber2:gobber2_sword_nether":1,"lycanitesmobs:raw_aspid_meat":3,"the_arcaneum:conglomerate_ore":35,"minecraft:gold_nugget":33,"minecraft:spruce_planks":47,"gobber2:gobber2_paxel":1,"lycanitesmobs:raw_bobeko_meat":2,"iceandfire:frozen_gravel":26,"minecraft:furnace":3,"byg:fir_sapling":9,"gobber2:gobber2_ingot_nether":27,"minecraft:stick":70,"undead_expansion:shaded_stone_bricks":10,"undead_expansion:fracturedplating":8,"minecraft:torch":25,"minecraft:acacia_log":2,"minecraft:spruce_stairs":10,"divinerpg:realmite_ore":1,"epicfight:skillbook":2,"minecraft:porkchop":2,"tombstone:grave_dust":3,"minecraft:diorite":138,"minecraft:rotten_flesh":22,"zombie_extreme:rotten_apple":5,"lycanitesmobs:stablesummoningstaff":2,"lycanitesmobs:equipmentpart_bansheeeye":1,"minecraft:blaze_rod":16,"minecraft:obsidian":37,"minecraft:iron_bars":10,"minecraft:snowball":39,"lycanitesmobs:lifedraincharge":3,"minecraft:cobblestone":1008,"minecraft:magma_block":38,"minecraft:feather":1,"minecraft:magma_cream":17,"minecraft:water_bucket":1,"minecraft:andesite":102,"minecraft:potato":2,"gobber2:gobber2_leggings":1,"minecraft:flint":18,"lycanitesmobs:icefireballcharge":2,"minecraft:lapis_lazuli":34,"minecraft:wither_skeleton_skull":40,"gobber2:gobber2_ore":11,"byg:fir_crafting_table":1,"minecraft:dirt":47,"gobber2:gobber2_ore_nether":4,"gobber2:gobber2_helmet":1,"stalwart_dungeons:blaze_armor_scrap":10,"minecraft:bone":57,"forestcraft:sky_fragment":2,"undead_expansion:wandering_knight_armor_boots":2,"minecraft:wheat_seeds":7,"gobber2:gobber2_globette":1,"minecraft:glowstone_dust":4,"minecraft:oak_planks":2,"lycanitesmobs:spectralboltcharge":2,"gobber2:gobber2_rod_nether":4,"gobber2:gobber2_shovel_nether":1,"lycanitesmobs:equipmentpart_entarm":2,"lycanitesmobs:frostboltcharge":32,"minecraft:sand":335,"minecraft:stripped_spruce_log":1,"iceandfire:frozen_dirt":7,"minecraft:mossy_cobblestone":19,"lycanitesmobs:scorchfireballcharge":7,"minecraft:diamond":6,"iceandfire:dragon_ice":8,"minecraft:granite":83,"minecraft:emerald":11,"minecraft:netherrack":1138,"minecraft:oak_sapling":3,"gobber2:gobber2_axe_nether":1,"morevillagers:blueprint_table":1,"gobber2:gobber2_boots":1,"minecraft:nether_star":32,"endrem:magical_eye":1,"minecraft:coarse_dirt":2,"minecraft:crafting_table":2,"byg:soapstone":309,"iceandfire:witherbone":4,"minecraft:ladder":1,"minecraft:brown_mushroom":3,"minecraft:packed_ice":2,"zombie_extreme:raw_tin":2,"gobber2:gobber2_boots_nether":1,"majruszs_accessories:giant_seed":1,"undead_expansion:ectoplasm":5,"iceandfire:frozen_grass":1,"minecraft:oak_trapdoor":1,"minecraft:wooden_sword":1,"lycanitesmobs:embercharge":69,"lycanitesmobs:tricksterflarecharge":1,"bloodandmadness:blood_vial":3,"gobber2:gobber2_pickaxe_nether":1,"minecraft:poppy":2,"minecraft:spruce_slab":79,"minecraft:spruce_trapdoor":24,"byg:orange_oak_sapling":3,"minecraft:phantom_membrane":1,"undead_expansion:wandering_knight_armor_chestplate":1,"minecraft:stone":14,"lycanitesmobs:frostyfur":2,"minecraft:spruce_fence":3,"artifacts:vampiric_glove":2,"gobber2:gobber2_leggings_nether":1,"gobber2:gobber2_globette_nether":382,"lycanitesmobs:aquapulsecharge":1,"bountifulbaubles:potion_recall":6,"forestcraft:deep_rock":71,"minecraft:pumpkin_pie":1,"minecraft:nether_bricks":21,"minecraft:shears":1,"byg:fir_log":80,"minecraft:totem_of_undying":1,"byg:rocky_stone":32,"minecraft:bone_block":18,"artifacts:digging_claws":1,"minecraft:leather":4,"minecraft:red_mushroom":5,"minecraft:ice":10,"minecraft:bedrock":128,"minecraft:oak_log":121,"undead_expansion:fang_sword":1,"minecraft:ancient_debris":32,"minecraft:cobblestone_wall":1,"minecraft:gunpowder":3,"minecraft:cobblestone_stairs":1,"mowziesmobs:wrought_axe":1,"divinerpg:torridite_ore":6,"minecraft:blue_bed":2,"infernalexp:soul_stone":41,"zombie_extreme:raw_steel":3,"tombstone:gift":1,"undead_expansion:wandering_knight_armor_leggings":1,"bloodandmadness:quicksilver_bullet":2,"minecraft:apple":1,"minecraft:kelp":69,"bloodandmadness:raw_quicksilver":3,"forestcraft:soul_essence":2,"minecraft:iron_ingot":182,"minecraft:iron_ore":6,"byg:skyris_sapling":11,"goblinsanddungeons:scoria":86,"minecraft:soul_sand":47,"minecraft:book":3,"tconstruct:copper_ore":29,"minecraft:emerald_block":3,"minecraft:quartz":16,"minecraft:gravel":273,"minecraft:lava_bucket":12,"gobber2:gobber2_helmet_nether":1,"mowziesmobs:wrought_helmet":1,"minecraft:spruce_sapling":78,"minecraft:spruce_log":599,"minecraft:spruce_door":4,"undead_expansion:cracked_shaded_stone_bricks":4,"gobber2:gobber2_seed_nether":209,"byg:skyris_log":142,"travelersbackpack:standard":1,"bloodandmadness:coldblood_dew":466,"minecraft:pumpkin_seeds":3,"minecraft:red_stained_glass":2,"minecraft:purple_bed":1,"minecraft:white_concrete_powder":19,"undead_expansion:mossy_shaded_stone_bricks":6,"gobber2:gobber2_hammer_nether":1,"minecraft:melon_seeds":3,"minecraft:black_wool":2,"minecraft:coal":172,"minecraft:ender_pearl":11},"minecraft:killed_by":{"zombie_extreme:chainsaw":1,"minecraft:vindicator":4,"lycanitesmobs:afrit":1,"lycanitesmobs:darkling":1,"lycanitesmobs:cinder":1,"minecraft:vex":4,"minecraft:player":19,"zombie_extreme:infected_police":1,"mowziesmobs:ferrous_wroughtnaut":5,"lycanitesmobs:reiver":2,"lycanitesmobs:grue":1,"undead_expansion:wandering_knight":1,"zombie_extreme:military":4},"minecraft:crafted":{"minecraft:oak_planks":324,"gobber2:gobber2_paxel":1,"gobber2:gobber2_leggings":1,"gobber2:gobber2_pickaxe_nether":1,"gobber2:gobber2_chestplate_nether":2,"minecraft:stone":294,"gobber2:gobber2_chestplate":1,"minecraft:nether_brick":1,"minecraft:glass":20,"tombstone:grave_key":4,"gobber2:gobber2_boots_nether":2,"gobber2:gobber2_pickaxe":1,"forestcraft:bread_chunk":104,"gobber2:gobber2_sword_nether":3,"minecraft:emerald":36,"gobber2:gobber2_ingot":96,"gobber2:gobber2_ingot_nether":132,"gobber2:gobber2_glob_nether":46,"minecraft:diamond_axe":1,"minecraft:crafting_table":2,"minecraft:spruce_planks":516,"gobber2:gobber2_hammer":1,"gobber2:gobber2_axe":1,"minecraft:spruce_door":42,"gobber2:gobber2_bow_nether":2,"gobber2:gobber2_rod":10,"forestcraft:netherite_scrap_piece":1,"gobber2:gobber2_helmet_nether":2,"gobber2:gobber2_leggings_nether":2,"minecraft:spruce_trapdoor":40,"gobber2:gobber2_medallion_nether":2,"minecraft:stick":12,"forestcraft:netherite_lighter":1,"gobber2:gobber2_hammer_nether":2,"forestcraft:molten_alloy":4,"minecraft:shears":1,"gobber2:gobber2_axe_nether":1,"gobber2:gobber2_paxel_nether":1,"gobber2:gobber2_shovel":1,"minecraft:iron_nugget":306,"minecraft:furnace":10,"minecraft:bone_meal":342,"minecraft:spruce_fence":48,"minecraft:oak_trapdoor":72,"gobber2:gobber2_helmet":1,"minecraft:flint_and_steel":1,"travelersbackpack:magma_cube":1,"minecraft:lantern":32,"minecraft:spruce_stairs":32,"minecraft:white_concrete_powder":512,"minecraft:iron_axe":2,"minecraft:spruce_slab":250,"gobber2:gobber2_rod_nether":22,"gobber2:gobber2_boots":1,"minecraft:netherite_scrap":32,"minecraft:red_dye":1,"minecraft:spruce_sign":12,"travelersbackpack:backpack_tank":3,"minecraft:bucket":1,"minecraft:air":0,"gobber2:gobber2_medallion_exp":2,"minecraft:oak_log":6,"minecraft:red_stained_glass":16,"gobber2:gobber2_shovel_nether":1,"minecraft:white_dye":117,"minecraft:stonecutter":1,"gobber2:gobber2_seed_nether":4,"minecraft:torch":36},"minecraft:broken":{"gobber2:gobber2_boots":1,"gobber2:gobber2_helmet":2,"minecraft:iron_axe":1},"minecraft:killed":{"lycanitesmobs:krake":2,"minecraft:cave_spider":2,"minecraft:zombified_piglin":1,"lycanitesmobs:cephignis":1,"lycanitesmobs:roc":2,"zombie_extreme:infected_juggernaut":1,"lycanitesmobs:spriggan":1,"the_arcaneum:sleep_paralysis_demon":1,"zombie_extreme:divided":1,"undead_expansion:wandering_knight":9,"minecraft:skeleton":2,"lycanitesmobs:bobeko":3,"undead_expansion:wandering_knight_leader":1,"minecraft:illusioner":1,"minecraft:pig":2,"lycanitesmobs:geist":1,"lycanitesmobs:aspid":2,"undead_expansion:haunter":11,"minecraft:trader_llama":1,"minecraft:pillager":4,"minecraft:zombie":9,"stalwart_dungeons:incomplete_wither":18,"zombienation:zombie_7":1,"zombienation:zombie_8":1,"born_in_chaos_v1:diamond_thermite":1,"zombie_extreme:devastated":1,"lycanitesmobs:geonach":3,"lycanitesmobs:raiko":1,"zombie_extreme:fetus":1,"divinerpg:hell_pig":2,"minecraft:blaze":2,"lycanitesmobs:tremor":1,"hmm:nun":1,"minecraft:evoker":1,"bloodandmadness:church_doctor":1,"lycanitesmobs:banshee":7,"lycanitesmobs:reaper":4,"minecraft:vindicator":17,"zombienation:zombie_2":1,"lycanitesmobs:darkling":1,"zombienation:zombie_6":4,"lycanitesmobs:cinder":45,"lycanitesmobs:ent":18,"divinerpg:rotatick":1,"minecraft:drowned":3,"lycanitesmobs:apollyon":1,"zombie_extreme:runner":7,"undead:lostsoul":4,"zombie_extreme:crawler":1,"zombie_extreme:boomer":1,"zombie_extreme:infected":5,"lycanitesmobs:grue":8,"stalwart_dungeons:reinforced_blaze":9,"forestcraft:desecrated_soul":1,"zombie_extreme:military":1,"lycanitesmobs:salamander":1,"lycanitesmobs:jengu":1,"zombienation:zombie_4":1,"epicfight:wither_skeleton_minion":1,"lycanitesmobs:wraith":2,"lycanitesmobs:reiver":18,"lycanitesmobs:afrit":4,"riskofrainmod:lemurian":1},"minecraft:used":{"minecraft:spruce_slab":367,"minecraft:ladder":1,"minecraft:white_concrete_powder":353,"minecraft:stone":68,"gobber2:gobber2_sword_nether":838,"minecraft:soul_sand":18,"minecraft:nether_bricks":21,"minecraft:snowball":2,"minecraft:obsidian":46,"minecraft:stripped_spruce_log":1,"minecraft:lava_bucket":7,"minecraft:lantern":8,"forestcraft:netherite_lighter":1,"minecraft:stone_brick_stairs":4,"gobber2:gobber2_hammer":978,"minecraft:bedrock":128,"byg:fir_log":141,"carryon:tile_item":6,"minecraft:furnace":12,"epicfight:skillbook":3,"minecraft:spruce_door":23,"minecraft:wither_skeleton_skull":15,"minecraft:red_stained_glass":38,"minecraft:oak_planks":95,"gobber2:gobber2_seed_nether":207,"minecraft:ender_pearl":1,"minecraft:blue_bed":2,"minecraft:diamond_axe":447,"gobber2:gobber2_paxel_nether":402,"minecraft:fire_charge":1,"minecraft:wooden_sword":35,"minecraft:air":2,"minecraft:bone_meal":167,"minecraft:oak_trapdoor":73,"minecraft:experience_bottle":4,"minecraft:flint_and_steel":2,"gobber2:gobber2_paxel":1357,"minecraft:spruce_planks":44,"minecraft:netherrack":23,"minecraft:torch":22,"minecraft:dirt":34,"minecraft:spruce_stairs":15,"minecraft:stone_stairs":5,"minecraft:spruce_fence":9,"minecraft:iron_axe":35,"carryon:entity_item":2,"byg:skyris_log":30,"minecraft:water_bucket":27,"byg:fir_crafting_table":1,"minecraft:iron_ore":1,"gobber2:gobber2_hammer_nether":196,"minecraft:stonecutter":1,"minecraft:crafting_table":2,"minecraft:spruce_log":1088,"mowziesmobs:wrought_axe":3,"minecraft:oak_log":119,"minecraft:black_wool":2,"minecraft:spruce_trapdoor":54,"minecraft:spruce_sapling":1,"minecraft:cobblestone":254,"minecraft:purple_bed":1,"travelersbackpack:standard":1,"minecraft:bucket":35}},"DataVersion":2586}