{"stats":{"minecraft:picked_up":{"minecraft:crafting_table":1,"byg:soapstone":2,"minecraft:flower_pot":1,"artifacts:digging_claws":1,"minecraft:andesite":64,"minecraft:leather":1,"minecraft:ice":6,"minecraft:oak_log":17,"lycanitesmobs:icefireballcharge":2,"minecraft:cobblestone_wall":1,"minecraft:cobblestone_stairs":1,"undead_expansion:ectoplasm":1,"lycanitesmobs:equipmentpart_geonachspear":1,"minecraft:dirt":27,"minecraft:blue_bed":1,"gobber2:gobber2_seed":4,"minecraft:bone":1,"minecraft:wheat_seeds":4,"minecraft:spruce_planks":17,"gobber2:gobber2_paxel":1,"lycanitesmobs:raw_bobeko_meat":2,"minecraft:iron_ore":5,"byg:skyris_sapling":11,"gobber2:gobber2_globette":1,"minecraft:spruce_trapdoor":12,"goblinsanddungeons:scoria":64,"minecraft:oak_planks":2,"minecraft:phantom_membrane":1,"minecraft:furnace":3,"byg:fir_sapling":9,"minecraft:stick":39,"minecraft:stone":14,"tconstruct:copper_ore":16,"lycanitesmobs:spectralboltcharge":2,"lycanitesmobs:equipmentpart_entarm":2,"minecraft:torch":10,"minecraft:quartz":16,"minecraft:spruce_stairs":7,"minecraft:spruce_fence":3,"minecraft:porkchop":2,"minecraft:spruce_sapling":46,"minecraft:diorite":42,"minecraft:spruce_log":312,"minecraft:spruce_door":4,"minecraft:mossy_cobblestone":18,"byg:skyris_log":78,"travelersbackpack:standard":1,"bloodandmadness:coldblood_dew":45,"byg:fir_log":80,"lycanitesmobs:stablesummoningstaff":2,"minecraft:melon_seeds":2,"morevillagers:blueprint_table":1,"minecraft:coal":11,"minecraft:snowball":6,"minecraft:cobblestone":445},"minecraft:killed_by":{"lycanitesmobs:reiver":1},"minecraft:killed":{"minecraft:pig":2,"lycanitesmobs:reaper":1,"undead_expansion:haunter":1,"minecraft:trader_llama":1,"lycanitesmobs:bobeko":1,"lycanitesmobs:ent":8,"lycanitesmobs:geonach":2,"lycanitesmobs:reiver":1},"minecraft:crafted":{"minecraft:oak_planks":68,"gobber2:gobber2_ingot":45,"minecraft:emerald":9,"gobber2:gobber2_shovel":1,"minecraft:diamond_axe":1,"minecraft:crafting_table":1,"gobber2:gobber2_paxel":1,"gobber2:gobber2_hammer":1,"gobber2:gobber2_leggings":1,"gobber2:gobber2_axe":1,"minecraft:furnace":10,"gobber2:gobber2_rod":10,"minecraft:stone":54,"gobber2:gobber2_chestplate":1,"minecraft:air":0,"gobber2:gobber2_helmet":1,"gobber2:gobber2_boots":1,"gobber2:gobber2_pickaxe":1},"minecraft:dropped":{"gobber2:gobber2_paxel":1,"minecraft:porkchop":2,"minecraft:wheat_seeds":4,"lycanitesmobs:spectralboltcharge":2,"minecraft:mossy_cobblestone":18,"minecraft:cobblestone":77,"minecraft:leather":1,"byg:fir_sapling":9,"travelersbackpack:standard":1,"minecraft:stick":4,"undead_expansion:ectoplasm":1,"minecraft:dirt":20,"byg:skyris_log":2,"minecraft:flower_pot":1,"minecraft:ice":6,"minecraft:diorite":42,"goblinsanddungeons:scoria":64,"bloodandmadness:coldblood_dew":22,"minecraft:andesite":64,"minecraft:melon_seeds":2,"tconstruct:copper_ore":16,"minecraft:snowball":6,"lycanitesmobs:raw_bobeko_meat":2,"minecraft:spruce_sapling":32,"lycanitesmobs:stablesummoningstaff":1,"minecraft:bone":1},"minecraft:used":{"gobber2:gobber2_paxel":313,"minecraft:oak_planks":6,"minecraft:blue_bed":1,"minecraft:diamond_axe":179,"minecraft:stone":68,"minecraft:torch":3,"minecraft:dirt":19,"minecraft:spruce_log":473,"minecraft:spruce_sapling":1,"gobber2:gobber2_hammer":60,"carryon:tile_item":1,"byg:fir_log":126,"minecraft:cobblestone":146,"travelersbackpack:standard":1,"byg:skyris_log":18,"minecraft:furnace":12},"minecraft:custom":{"minecraft:interact_with_furnace":18,"lootr:looted_stat":2,"minecraft:mob_kills":16,"minecraft:interact_with_crafting_table":12,"minecraft:play_one_minute":147360,"minecraft:leave_game":32,"minecraft:time_since_death":141140,"minecraft:sleep_in_bed":3,"minecraft:climb_one_cm":1428,"minecraft:time_since_rest":64689,"minecraft:damage_taken":1462,"minecraft:sprint_one_cm":203041,"minecraft:walk_one_cm":326586,"minecraft:drop":298,"minecraft:damage_dealt":3570,"minecraft:damage_dealt_absorbed":66,"minecraft:fly_one_cm":77960,"minecraft:talked_to_villager":1,"minecraft:open_chest":57,"minecraft:crouch_one_cm":4108,"tombstone:undead_killed":3,"minecraft:deaths":1,"minecraft:sneak_time":1155,"minecraft:jump":827,"minecraft:walk_on_water_one_cm":258,"minecraft:fall_one_cm":13543},"minecraft:mined":{"minecraft:spruce_planks":20,"minecraft:glass_pane":7,"minecraft:mossy_cobblestone":11,"minecraft:spruce_door":3,"minecraft:spruce_trapdoor":19,"minecraft:crafting_table":1,"minecraft:torch":1,"minecraft:grass_block":3,"minecraft:spruce_fence":5,"byg:skyris_log":20,"minecraft:cobblestone":72,"minecraft:spruce_leaves":18,"minecraft:oak_planks":2,"minecraft:wall_torch":2,"minecraft:blue_bed":1,"minecraft:large_fern":1,"minecraft:spruce_stairs":7,"byg:soapstone":2,"minecraft:purple_bed":1,"minecraft:cobblestone_wall":1,"minecraft:spruce_sapling":1,"minecraft:furnace":3,"byg:skyris_sapling":4,"minecraft:spruce_log":502,"byg:overgrown_stone":3,"minecraft:grass_path":1,"minecraft:grass":6,"minecraft:coal_ore":7,"minecraft:potted_spruce_sapling":1,"byg:fir_leaves":3,"morevillagers:blueprint_table":1,"byg:fir_log":129,"minecraft:stone":21,"gobber2:gobber2_plant":1,"minecraft:fern":10}},"DataVersion":2586}