{"stats":{"minecraft:picked_up":{"minecraft:crafting_table":1,"byg:soapstone":298,"minecraft:flower_pot":1,"minecraft:packed_ice":2,"minecraft:oak_trapdoor":1,"undead_expansion:ectoplasm":1,"lycanitesmobs:equipmentpart_geonachspear":1,"gobber2:gobber2_seed":4,"lycanitesmobs:raw_aspid_meat":3,"minecraft:spruce_planks":35,"gobber2:gobber2_paxel":1,"lycanitesmobs:raw_bobeko_meat":2,"minecraft:poppy":1,"minecraft:spruce_slab":72,"byg:orange_oak_sapling":1,"minecraft:furnace":3,"minecraft:spruce_trapdoor":22,"minecraft:phantom_membrane":1,"byg:fir_sapling":9,"minecraft:stick":39,"minecraft:stone":14,"lycanitesmobs:frostyfur":2,"minecraft:torch":11,"minecraft:spruce_stairs":10,"minecraft:spruce_fence":3,"minecraft:porkchop":2,"minecraft:diorite":42,"lycanitesmobs:aquapulsecharge":1,"minecraft:shears":1,"byg:fir_log":80,"lycanitesmobs:stablesummoningstaff":2,"minecraft:obsidian":2,"minecraft:snowball":6,"minecraft:cobblestone":447,"artifacts:digging_claws":1,"minecraft:andesite":64,"minecraft:leather":1,"gobber2:gobber2_leggings":1,"minecraft:red_mushroom":2,"minecraft:ice":6,"minecraft:flint":9,"minecraft:oak_log":53,"lycanitesmobs:icefireballcharge":2,"minecraft:cobblestone_wall":1,"minecraft:cobblestone_stairs":1,"minecraft:dirt":32,"minecraft:blue_bed":1,"gobber2:gobber2_helmet":1,"minecraft:bone":1,"minecraft:kelp":5,"minecraft:wheat_seeds":4,"byg:skyris_sapling":11,"minecraft:iron_ore":5,"gobber2:gobber2_globette":1,"minecraft:glowstone_dust":4,"goblinsanddungeons:scoria":64,"minecraft:oak_planks":2,"lycanitesmobs:spectralboltcharge":2,"tconstruct:copper_ore":18,"minecraft:emerald_block":3,"lycanitesmobs:equipmentpart_entarm":2,"lycanitesmobs:frostboltcharge":5,"minecraft:quartz":16,"minecraft:gravel":129,"minecraft:sand":203,"minecraft:stripped_spruce_log":1,"minecraft:spruce_sapling":46,"minecraft:spruce_log":394,"minecraft:spruce_door":4,"minecraft:mossy_cobblestone":19,"byg:skyris_log":78,"travelersbackpack:standard":1,"bloodandmadness:coldblood_dew":58,"minecraft:white_concrete_powder":3,"minecraft:melon_seeds":2,"morevillagers:blueprint_table":1,"minecraft:coal":75,"gobber2:gobber2_boots":1},"minecraft:dropped":{"minecraft:golden_boots":1,"minecraft:stripped_spruce_log":1,"gobber2:gobber2_ingot":3,"minecraft:porkchop":2,"minecraft:wheat_seeds":4,"lycanitesmobs:spectralboltcharge":2,"minecraft:mossy_cobblestone":19,"gobber2:gobber2_sword":1,"vampirism:hunter_coat_legs_ultimate":1,"minecraft:cobblestone":77,"minecraft:prismarine_crystals":2,"minecraft:leather":1,"byg:fir_sapling":9,"travelersbackpack:standard":1,"minecraft:red_mushroom":2,"minecraft:stick":4,"minecraft:cobblestone_stairs":1,"undead_expansion:ectoplasm":1,"minecraft:dirt":21,"minecraft:ice":6,"minecraft:diorite":42,"goblinsanddungeons:scoria":64,"minecraft:torch":2,"tconstruct:copper_ore":18,"minecraft:snowball":6,"minecraft:dried_kelp":1,"minecraft:spruce_sapling":32,"minecraft:bone":1,"gobber2:gobber2_paxel":1,"minecraft:diamond_block":3,"tombstone:gift":1,"minecraft:shears":1,"byg:green_apple":8,"minecraft:poppy":1,"byg:skyris_log":2,"minecraft:flower_pot":1,"minecraft:spruce_planks":4,"minecraft:andesite":64,"bloodandmadness:coldblood_dew":22,"minecraft:melon_seeds":2,"gobber2:gobber2_pickaxe":1,"lycanitesmobs:raw_bobeko_meat":2,"minecraft:spruce_log":64,"gobber2:gobber2_hammer":1,"lycanitesmobs:stablesummoningstaff":1},"minecraft:killed":{"hmm:nun":1,"lycanitesmobs:reaper":1,"lycanitesmobs:roc":1,"lycanitesmobs:bobeko":2,"lycanitesmobs:ent":8,"minecraft:pig":2,"zombie_extreme:infected":1,"lycanitesmobs:grue":2,"lycanitesmobs:aspid":1,"undead_expansion:haunter":2,"minecraft:trader_llama":1,"lycanitesmobs:jengu":1,"lycanitesmobs:geonach":2,"lycanitesmobs:reiver":1},"minecraft:crafted":{"minecraft:oak_planks":324,"gobber2:gobber2_shovel":1,"minecraft:iron_nugget":306,"gobber2:gobber2_paxel":1,"gobber2:gobber2_leggings":1,"minecraft:furnace":10,"minecraft:stone":294,"gobber2:gobber2_chestplate":1,"minecraft:bone_meal":57,"minecraft:spruce_fence":48,"minecraft:oak_trapdoor":72,"minecraft:flint_and_steel":1,"gobber2:gobber2_helmet":1,"minecraft:lantern":32,"minecraft:spruce_stairs":32,"minecraft:white_concrete_powder":256,"minecraft:spruce_slab":154,"gobber2:gobber2_boots":1,"gobber2:gobber2_pickaxe":1,"forestcraft:bread_chunk":104,"minecraft:emerald":36,"gobber2:gobber2_ingot":45,"minecraft:diamond_axe":1,"minecraft:crafting_table":1,"minecraft:spruce_planks":324,"gobber2:gobber2_hammer":1,"gobber2:gobber2_axe":1,"minecraft:spruce_door":24,"gobber2:gobber2_rod":10,"minecraft:bucket":1,"minecraft:air":0,"minecraft:oak_log":6,"minecraft:spruce_trapdoor":20,"minecraft:white_dye":57,"minecraft:stick":8,"minecraft:stonecutter":1,"minecraft:torch":36,"minecraft:shears":1},"minecraft:used":{"minecraft:oak_trapdoor":73,"minecraft:flint_and_steel":2,"gobber2:gobber2_paxel":583,"minecraft:spruce_slab":198,"minecraft:white_concrete_powder":91,"minecraft:stone":68,"minecraft:torch":12,"minecraft:dirt":19,"minecraft:spruce_stairs":15,"minecraft:stone_stairs":5,"minecraft:spruce_fence":9,"minecraft:stripped_spruce_log":1,"minecraft:obsidian":13,"minecraft:lantern":8,"carryon:entity_item":2,"minecraft:stone_brick_stairs":4,"gobber2:gobber2_hammer":60,"byg:fir_log":126,"carryon:tile_item":1,"byg:skyris_log":18,"minecraft:furnace":12,"minecraft:water_bucket":24,"minecraft:spruce_door":12,"minecraft:red_stained_glass":2,"minecraft:oak_planks":95,"minecraft:stonecutter":1,"minecraft:blue_bed":1,"minecraft:diamond_axe":350,"minecraft:spruce_log":629,"minecraft:oak_log":36,"minecraft:spruce_trapdoor":36,"minecraft:spruce_sapling":1,"minecraft:cobblestone":146,"travelersbackpack:standard":1,"minecraft:bucket":25},"minecraft:killed_by":{"minecraft:player":2,"zombie_extreme:chainsaw":1,"lycanitesmobs:reiver":1},"minecraft:mined":{"minecraft:spruce_planks":22,"minecraft:mossy_cobblestone":11,"minecraft:obsidian":1,"minecraft:spruce_trapdoor":29,"minecraft:grass_block":6,"minecraft:spruce_fence":5,"byg:skyris_log":20,"minecraft:spruce_leaves":20,"minecraft:white_concrete_powder":3,"minecraft:large_fern":1,"minecraft:tall_seagrass":1,"minecraft:oak_trapdoor":1,"minecraft:spruce_sapling":1,"minecraft:furnace":3,"byg:skyris_sapling":4,"minecraft:fire":2,"minecraft:stripped_spruce_log":1,"minecraft:potted_spruce_sapling":1,"byg:fir_leaves":3,"morevillagers:blueprint_table":1,"minecraft:stone":22,"minecraft:spruce_slab":71,"gobber2:gobber2_plant":1,"minecraft:glass_pane":8,"minecraft:spruce_door":3,"minecraft:crafting_table":1,"minecraft:torch":1,"minecraft:poppy":1,"minecraft:cobblestone":73,"minecraft:oak_planks":2,"minecraft:wall_torch":2,"minecraft:blue_bed":2,"minecraft:seagrass":4,"minecraft:spruce_stairs":10,"byg:soapstone":2,"minecraft:purple_bed":1,"minecraft:cobblestone_wall":1,"minecraft:spruce_log":521,"byg:overgrown_stone":4,"minecraft:grass_path":2,"minecraft:grass":7,"minecraft:oak_log":36,"minecraft:coal_ore":7,"minecraft:sand":207,"minecraft:gravel":151,"minecraft:dirt":1,"byg:fir_log":129,"minecraft:fern":10},"minecraft:custom":{"lootr:looted_stat":5,"minecraft:mob_kills":26,"minecraft:interact_with_crafting_table":27,"minecraft:leave_game":39,"minecraft:time_since_death":38089,"minecraft:climb_one_cm":1632,"minecraft:sprint_one_cm":603169,"minecraft:walk_one_cm":586210,"minecraft:drop":335,"minecraft:damage_dealt_absorbed":66,"minecraft:talked_to_villager":1,"minecraft:deaths":4,"minecraft:sneak_time":10737,"minecraft:walk_under_water_one_cm":27689,"tombstone:tomb_raiding":1,"minecraft:jump":1785,"minecraft:walk_on_water_one_cm":43224,"minecraft:interact_with_furnace":34,"minecraft:traded_with_villager":1,"minecraft:play_one_minute":278298,"minecraft:interact_with_stonecutter":1,"minecraft:sleep_in_bed":6,"minecraft:time_since_rest":37147,"minecraft:damage_taken":2853,"minecraft:damage_dealt":5678,"minecraft:swim_one_cm":19121,"minecraft:fly_one_cm":216506,"minecraft:open_chest":158,"minecraft:crouch_one_cm":39362,"tombstone:undead_killed":4,"minecraft:fall_one_cm":48785}},"DataVersion":2586}