{"stats":{"minecraft:custom":{"lootr:looted_stat":2,"minecraft:mob_kills":33,"minecraft:interact_with_crafting_table":33,"minecraft:leave_game":26,"minecraft:time_since_death":7309,"minecraft:climb_one_cm":89879,"minecraft:sprint_one_cm":348861,"minecraft:walk_one_cm":1144781,"minecraft:damage_blocked_by_shield":3006,"minecraft:drop":80,"minecraft:deaths":69,"minecraft:sneak_time":2823,"minecraft:walk_under_water_one_cm":7548,"minecraft:jump":1917,"minecraft:walk_on_water_one_cm":30292,"minecraft:interact_with_furnace":7,"minecraft:play_one_minute":420179,"minecraft:sleep_in_bed":5,"minecraft:time_since_rest":5210,"minecraft:damage_taken":24093,"minecraft:damage_dealt":11338,"minecraft:player_kills":1,"minecraft:fly_one_cm":47041,"minecraft:open_chest":157,"minecraft:crouch_one_cm":4023,"tombstone:undead_killed":4,"minecraft:fall_one_cm":55348},"minecraft:crafted":{"minecraft:wooden_sword":2,"minecraft:oak_planks":20,"minecraft:iron_boots":1,"tombstone:grave_key":7,"minecraft:chest":3,"vampirism:stake":1,"gobber2:gobber2_pickaxe":2,"gobber2:gobber2_sword":2,"minecraft:crafting_table":1,"minecraft:iron_helmet":1,"gobber2:gobber2_hammer":1,"minecraft:wooden_pickaxe":2,"gobber2:gobber2_rod":12,"byg:skyris_planks":40,"minecraft:iron_chestplate":2,"minecraft:shield":1,"minecraft:stick":20,"minecraft:iron_pickaxe":1,"minecraft:wooden_axe":1,"minecraft:iron_leggings":1,"gobber2:gobber2_medallion":1},"minecraft:mined":{"minecraft:diamond_ore":1,"minecraft:farmland":1,"born_in_chaos_v1:infected_diamond_ore":2,"minecraft:obsidian":1,"minecraft:granite":3,"minecraft:grass_block":6,"born_in_chaos_v1:black_argillite":2,"byg:skyris_log":5,"the_arcaneum:conglomerate_ore":11,"byg:stripped_skyris_log":6,"gobber2:gobber2_ore":2,"iceandfire:copper_ore":4,"minecraft:iron_ore":19,"zombie_extreme:ore_lead":1,"minecraft:fire":1,"zombie_extreme:ore_steel":2,"minecraft:andesite":7,"lycanitesmobs:frostfire":41,"minecraft:purple_carpet":1,"byg:rocky_stone":1,"minecraft:stone":141,"gobber2:gobber2_plant":24,"tconstruct:copper_ore":40,"zombie_extreme:ore_aluminum":1,"minecraft:infested_stone_bricks":1,"byg:skyris_leaves":2,"goblinsanddungeons:scoria":4,"minecraft:crafting_table":1,"minecraft:torch":1,"minecraft:melon":1,"forestcraft:deep_rock":6,"bloodandmadness:mercury_soaked_stone":6,"minecraft:cobblestone":42,"minecraft:diorite":17,"minecraft:wall_torch":2,"minecraft:red_terracotta":4,"byg:green_apple_skyris_leaves":1,"byg:scoria_stone":13,"zombie_extreme:ore_tin":4,"byg:short_grass":3,"byg:foxglove":1,"minecraft:grass":72,"byg:skyris_planks":1,"minecraft:oak_log":6,"minecraft:coal_ore":28,"byg:skyris_vine":1,"minecraft:beetroots":1,"minecraft:gravel":2,"minecraft:dirt":14,"minecraft:oak_leaves":1},"minecraft:dropped":{"minecraft:wheat_seeds":1,"minecraft:cobblestone":920,"minecraft:granite":48,"vampirism:amulet":1,"minecraft:dirt":8,"minecraft:diorite":41,"tombstone:grave_key":5,"minecraft:mutton":1,"byg:soapstone":29,"iceandfire:armor_silver_metal_chestplate":2,"minecraft:wooden_sword":1,"bloodandmadness:raw_quicksilver":4,"minecraft:string":2,"minecraft:white_wool":1,"minecraft:gravel":69,"minecraft:bowl":2,"minecraft:obsidian":4,"minecraft:rotten_flesh":5,"minecraft:glowstone_dust":2,"minecraft:stone":7,"byg:rocky_stone":6,"minecraft:andesite":4,"bloodandmadness:coldblood_dew":34},"minecraft:killed":{"lycanitesmobs:gnekk":1,"zombienation:zombie_6":1,"lycanitesmobs:bobeko":1,"lycanitesmobs:shade":2,"zombie_extreme:runner":2,"zombie_extreme:boomer":1,"zombie_extreme:infected":2,"lycanitesmobs:frostweaver":1,"undead_expansion:haunter":1,"minecraft:sheep":1,"lycanitesmobs:chupacabra":2,"minecraft:zombie":1,"zombienation:zombie_8":1,"born_in_chaos_v1:diamond_thermite":4,"lycanitesmobs:geonach":8,"lycanitesmobs:reiver":3},"minecraft:broken":{"minecraft:iron_boots":1,"minecraft:iron_leggings":1,"minecraft:shield":1,"minecraft:wooden_sword":1,"minecraft:iron_helmet":2},"minecraft:killed_by":{"minecraft:player":7,"zombie_extreme:night_hunter":2,"minecraft:piglin_brute":2,"zombie_extreme:infected_juggernaut":1,"zombie_extreme:assasin_black_ops":3,"iceandfire:stymphalian_bird":1,"lycanitesmobs:chupacabra":1,"zombie_extreme:chainsaw":2,"zombie_extreme:bomber":1,"zombienation:zombie_2":1,"mowziesmobs:ferrous_wroughtnaut":1,"lycanitesmobs:reiver":32,"iceandfire:ice_dragon":1,"bloodandmadness:brainsucker":1,"zombienation:zombie_3":4,"zombienation:zombie_4":4,"lycanitesmobs:vapula":1,"lycanitesmobs:darkling":1},"minecraft:picked_up":{"minecraft:crafting_table":1,"minecraft:iron_chestplate":1,"lycanitesmobs:raw_chupacabra_meat":7,"byg:soapstone":31,"iceandfire:copper_ore":4,"byg:foxglove":1,"byg:stripped_skyris_log":6,"zombie_extreme:raw_tin":10,"tombstone:grave_key":5,"minecraft:shield":1,"minecraft:brick":1,"born_in_chaos_v1:black_argillite":3,"iceandfire:armor_silver_metal_chestplate":1,"undead_expansion:ectoplasm":1,"minecraft:string":2,"gobber2:gobber2_seed":32,"minecraft:wooden_sword":1,"lycanitesmobs:lightballcharge":2,"the_arcaneum:conglomerate_ore":29,"minecraft:beetroot":1,"lycanitesmobs:raw_bobeko_meat":5,"minecraft:melon_slice":5,"minecraft:phantom_membrane":1,"zombie_extreme:raw_aluminum":5,"minecraft:stone":7,"lycanitesmobs:frostyfur":3,"minecraft:torch":11,"minecraft:bowl":1,"epicfight:skillbook":1,"byg:green_apple":2,"minecraft:diorite":53,"vampirism:amulet":1,"minecraft:redstone":5,"minecraft:rotten_flesh":6,"born_in_chaos_v1:diamond_thermite_shard":2,"forestcraft:deep_rock":9,"minecraft:beetroot_seeds":3,"zombie_extreme:rotten_apple":3,"minecraft:obsidian":8,"minecraft:mutton":1,"byg:rocky_stone":8,"minecraft:snowball":15,"minecraft:white_wool":1,"minecraft:cobblestone":1148,"minecraft:andesite":19,"minecraft:leather":5,"minecraft:ice":8,"minecraft:flint":1,"minecraft:oak_log":6,"gobber2:gobber2_ore":12,"lycanitesmobs:frostwebcharge":4,"minecraft:dirt":39,"zombie_extreme:raw_steel":2,"zombie_extreme:raw_lead":2,"byg:scoria_cobblestone":41,"forestcraft:sky_fragment":1,"bloodandmadness:raw_quicksilver":5,"minecraft:wheat_seeds":7,"lycanitesmobs:crystalshardcharge":4,"lycanitesmobs:poisongland":2,"minecraft:iron_ore":32,"gobber2:gobber2_globette":5,"minecraft:glowstone_dust":2,"goblinsanddungeons:scoria":35,"lycanitesmobs:raw_yale_meat":1,"tconstruct:copper_ore":71,"lycanitesmobs:frostboltcharge":6,"minecraft:quartz":13,"minecraft:gravel":49,"minecraft:red_terracotta":4,"byg:skyris_log":4,"bloodandmadness:coldblood_dew":55,"minecraft:slime_ball":2,"minecraft:diamond":2,"the_arcaneum:shadowplasm":2,"minecraft:granite":51,"minecraft:emerald":1,"minecraft:oak_sapling":8,"minecraft:melon_seeds":1,"minecraft:coal":30,"minecraft:ender_pearl":18},"minecraft:used":{"forestcraft:sky_fragment":9,"minecraft:beetroot":1,"minecraft:chest":4,"minecraft:shield":64,"born_in_chaos_v1:black_argillite":2,"minecraft:iron_sword":211,"minecraft:torch":10,"minecraft:dirt":17,"minecraft:wooden_axe":8,"gobber2:gobber2_hammer":54,"gobber2:gobber2_gooey_beef":1,"gobber2:gobber2_sword":233,"minecraft:beetroot_seeds":1,"byg:green_apple":1,"tombstone:gift":6,"minecraft:beetroot_soup":5,"minecraft:golden_axe":1,"epicfight:skillbook":1,"gobber2:gobber2_pickaxe":322,"minecraft:diorite":6,"lycanitesmobs:raw_chupacabra_meat":5,"minecraft:wooden_pickaxe":15,"zombie_extreme:rotten_apple":1,"epicfight:iron_longsword":11,"minecraft:gilded_blackstone":3,"minecraft:crafting_table":1,"vampirism:stake":1,"forestcraft:deep_rock":7,"minecraft:apple":1,"lycanitesmobs:raw_yale_meat":1,"minecraft:bread":67,"minecraft:melon_slice":5,"byg:skyris_vine":18,"minecraft:red_terracotta":1,"tombstone:grave_key":14,"lycanitesmobs:raw_bobeko_meat":5,"minecraft:wooden_sword":70,"minecraft:cobblestone":237,"lycanitesmobs:frostyfur":3,"minecraft:bucket":1,"alexsmobs:animal_dictionary":2}},"DataVersion":2586}