{"stats":{"minecraft:picked_up":{"minecraft:iron_chestplate":1,"minecraft:crafting_table":1,"lycanitesmobs:raw_chupacabra_meat":7,"byg:soapstone":32,"iceandfire:copper_ore":4,"byg:foxglove":1,"minecraft:brown_mushroom":2,"zombie_extreme:raw_tin":10,"byg:stripped_skyris_log":6,"tombstone:grave_key":5,"minecraft:brick":1,"minecraft:shield":1,"born_in_chaos_v1:black_argillite":3,"iceandfire:armor_silver_metal_chestplate":1,"undead_expansion:ectoplasm":1,"gobber2:gobber2_seed":32,"iceandfire:manuscript":2,"minecraft:string":2,"minecraft:wooden_sword":1,"lycanitesmobs:lightballcharge":2,"the_arcaneum:conglomerate_ore":29,"minecraft:beetroot":1,"lycanitesmobs:tricksterflarecharge":2,"minecraft:cracked_stone_bricks":2,"minecraft:spruce_planks":4,"lycanitesmobs:raw_bobeko_meat":5,"minecraft:poppy":1,"minecraft:spruce_slab":1,"minecraft:melon_slice":14,"minecraft:phantom_membrane":3,"zombie_extreme:raw_aluminum":5,"minecraft:stone":7,"lycanitesmobs:frostyfur":3,"minecraft:torch":14,"minecraft:bowl":1,"epicfight:skillbook":1,"minecraft:dried_kelp":1,"byg:green_apple":10,"minecraft:diorite":53,"vampirism:amulet":1,"minecraft:redstone":5,"minecraft:prismarine_crystals":2,"minecraft:dark_oak_planks":1,"minecraft:rotten_flesh":8,"born_in_chaos_v1:diamond_thermite_shard":2,"forestcraft:deep_rock":9,"minecraft:beetroot_seeds":3,"zombie_extreme:rotten_apple":4,"minecraft:mutton":1,"minecraft:obsidian":10,"byg:rocky_stone":8,"minecraft:snowball":15,"minecraft:white_wool":1,"minecraft:cobblestone":1179,"minecraft:feather":4,"minecraft:andesite":23,"minecraft:leather":5,"minecraft:red_mushroom":2,"minecraft:ice":8,"minecraft:flint":1,"minecraft:oak_log":6,"minecraft:dirt":45,"minecraft:cobblestone_stairs":1,"minecraft:wither_skeleton_skull":1,"gobber2:gobber2_ore":12,"lycanitesmobs:frostwebcharge":4,"minecraft:lapis_lazuli":6,"minecraft:blue_bed":1,"zombie_extreme:raw_steel":2,"zombie_extreme:raw_lead":2,"byg:scoria_cobblestone":41,"minecraft:bone":11,"forestcraft:sky_fragment":3,"bloodandmadness:raw_quicksilver":5,"minecraft:wheat_seeds":7,"gobber2:gobber2_pickaxe":1,"minecraft:spruce_wood":6,"lycanitesmobs:crystalshardcharge":4,"minecraft:iron_ore":32,"lycanitesmobs:poisongland":2,"gobber2:gobber2_globette":5,"minecraft:glowstone_dust":2,"goblinsanddungeons:scoria":35,"minecraft:oak_planks":1,"gobber2:gobber2_hammer":1,"lycanitesmobs:raw_yale_meat":1,"minecraft:dark_oak_slab":2,"tconstruct:copper_ore":72,"lycanitesmobs:frostboltcharge":12,"minecraft:quartz":13,"lycanitesmobs:raw_silex_meat":4,"minecraft:gravel":49,"minecraft:stripped_spruce_log":2,"minecraft:spruce_log":2,"minecraft:diamond_block":3,"minecraft:red_terracotta":4,"minecraft:light_gray_concrete":2,"byg:skyris_log":4,"minecraft:polished_andesite":3,"bloodandmadness:coldblood_dew":81,"minecraft:slime_ball":2,"minecraft:diamond":2,"the_arcaneum:shadowplasm":2,"minecraft:granite":51,"minecraft:emerald":1,"minecraft:oak_sapling":8,"minecraft:melon_seeds":1,"gobber2:gobber2_sword":1,"minecraft:coal":30,"minecraft:ender_pearl":18},"minecraft:dropped":{"minecraft:brown_mushroom":2,"minecraft:wheat_seeds":1,"minecraft:cobblestone":925,"minecraft:granite":48,"vampirism:amulet":1,"minecraft:dirt":8,"minecraft:diorite":41,"tombstone:grave_key":5,"minecraft:mutton":1,"byg:soapstone":30,"tconstruct:copper_ore":1,"iceandfire:armor_silver_metal_chestplate":2,"minecraft:wooden_sword":1,"bloodandmadness:raw_quicksilver":4,"minecraft:string":2,"minecraft:white_wool":1,"minecraft:gravel":69,"minecraft:bowl":2,"minecraft:obsidian":4,"minecraft:rotten_flesh":5,"minecraft:glowstone_dust":2,"minecraft:poppy":1,"minecraft:stone":7,"byg:rocky_stone":6,"bloodandmadness:coldblood_dew":34,"minecraft:andesite":7,"lycanitesmobs:frostboltcharge":6},"minecraft:broken":{"minecraft:iron_boots":1,"minecraft:iron_chestplate":1,"minecraft:iron_leggings":1,"minecraft:shield":1,"minecraft:wooden_sword":1,"minecraft:iron_helmet":2},"minecraft:crafted":{"minecraft:wooden_sword":2,"minecraft:oak_planks":20,"minecraft:diamond":27,"minecraft:diamond_helmet":1,"minecraft:diamond_leggings":1,"minecraft:iron_boots":1,"tombstone:grave_key":8,"minecraft:chest":3,"minecraft:diamond_boots":1,"vampirism:stake":1,"gobber2:gobber2_pickaxe":2,"gobber2:gobber2_sword":2,"minecraft:diamond_axe":1,"minecraft:crafting_table":2,"minecraft:spruce_planks":32,"minecraft:iron_helmet":1,"gobber2:gobber2_hammer":1,"minecraft:wooden_pickaxe":2,"gobber2:gobber2_rod":12,"mca:cross_headstone":1,"byg:skyris_planks":40,"minecraft:iron_chestplate":2,"minecraft:shield":1,"minecraft:stick":24,"minecraft:iron_pickaxe":1,"minecraft:wooden_axe":1,"minecraft:iron_leggings":1,"gobber2:gobber2_medallion":1,"minecraft:diamond_chestplate":1},"minecraft:used":{"minecraft:beetroot":1,"minecraft:spruce_slab":1,"minecraft:chest":4,"minecraft:spruce_planks":30,"minecraft:shield":64,"born_in_chaos_v1:black_argillite":2,"minecraft:iron_sword":211,"minecraft:torch":12,"minecraft:dirt":20,"minecraft:obsidian":2,"minecraft:dark_oak_planks":1,"minecraft:wooden_axe":8,"minecraft:spruce_wood":1,"minecraft:dark_oak_slab":2,"gobber2:gobber2_hammer":76,"gobber2:gobber2_gooey_beef":1,"gobber2:gobber2_sword":383,"byg:green_apple":19,"minecraft:beetroot_seeds":1,"tombstone:gift":6,"minecraft:beetroot_soup":5,"minecraft:golden_axe":1,"gobber2:gobber2_pickaxe":388,"epicfight:skillbook":1,"minecraft:diorite":6,"minecraft:oak_planks":1,"minecraft:wooden_pickaxe":15,"minecraft:blue_bed":1,"minecraft:diamond_axe":11,"lycanitesmobs:raw_chupacabra_meat":5,"zombie_extreme:rotten_apple":1,"epicfight:iron_longsword":11,"minecraft:gilded_blackstone":3,"minecraft:crafting_table":2,"tconstruct:copper_ore":15,"vampirism:stake":1,"forestcraft:deep_rock":7,"minecraft:apple":1,"minecraft:melon_slice":8,"lycanitesmobs:raw_yale_meat":1,"minecraft:bread":70,"byg:skyris_vine":18,"tombstone:grave_key":15,"minecraft:red_terracotta":1,"lycanitesmobs:raw_bobeko_meat":5,"minecraft:wooden_sword":70,"mca:cross_headstone":1,"minecraft:cobblestone":238,"lycanitesmobs:frostyfur":3,"minecraft:bucket":1,"alexsmobs:animal_dictionary":2,"forestcraft:sky_fragment":9},"minecraft:killed":{"lycanitesmobs:pixen":1,"lycanitesmobs:reaper":1,"lycanitesmobs:roc":2,"lycanitesmobs:silex":1,"lycanitesmobs:gnekk":1,"minecraft:skeleton":1,"zombienation:zombie_6":1,"lycanitesmobs:bobeko":1,"lycanitesmobs:shade":2,"zombie_extreme:runner":3,"hmm:freddykrueger":2,"zombie_extreme:boomer":1,"alexsmobs:grizzly_bear":1,"zombie_extreme:infected":3,"lycanitesmobs:frostweaver":1,"undead_expansion:haunter":1,"minecraft:sheep":1,"minecraft:pillager":2,"lycanitesmobs:chupacabra":2,"minecraft:zombie":2,"zombienation:zombie_8":1,"born_in_chaos_v1:diamond_thermite":4,"lycanitesmobs:geonach":8,"mca:female_villager":1,"lycanitesmobs:reiver":3},"minecraft:killed_by":{"minecraft:player":8,"minecraft:piglin_brute":2,"zombie_extreme:night_hunter":2,"mca:male_villager":1,"zombie_extreme:infected_juggernaut":1,"zombie_extreme:assasin_black_ops":3,"iceandfire:stymphalian_bird":1,"lycanitesmobs:chupacabra":1,"zombie_extreme:chainsaw":3,"hmm:freddykrueger":3,"zombie_extreme:infected_police":2,"zombie_extreme:bomber":1,"zombienation:zombie_2":1,"mowziesmobs:ferrous_wroughtnaut":1,"minecraft:vindicator":2,"lycanitesmobs:reiver":36,"iceandfire:ice_dragon":1,"bloodandmadness:brainsucker":1,"zombienation:zombie_3":4,"zombienation:zombie_4":4,"lycanitesmobs:vapula":1,"lycanitesmobs:darkling":1,"lycanitesmobs:aegis":1},"minecraft:custom":{"lootr:looted_stat":17,"minecraft:mob_kills":47,"minecraft:interact_with_crafting_table":41,"minecraft:leave_game":31,"minecraft:time_since_death":1888,"minecraft:climb_one_cm":104389,"minecraft:sprint_one_cm":708904,"minecraft:walk_one_cm":1684102,"minecraft:damage_blocked_by_shield":3006,"minecraft:drop":94,"minecraft:deaths":84,"minecraft:sneak_time":2979,"minecraft:walk_under_water_one_cm":8477,"minecraft:jump":3051,"minecraft:walk_on_water_one_cm":32934,"minecraft:interact_with_furnace":7,"tombstone:raider_killed":2,"minecraft:play_one_minute":541727,"minecraft:sleep_in_bed":11,"minecraft:time_since_rest":1009,"minecraft:damage_taken":28490,"minecraft:damage_dealt":16286,"minecraft:player_kills":3,"minecraft:fly_one_cm":186236,"minecraft:open_chest":197,"minecraft:crouch_one_cm":4330,"tombstone:undead_killed":7,"tombstone:villager_killed":1,"minecraft:fall_one_cm":67728},"minecraft:mined":{"minecraft:dark_oak_planks":1,"minecraft:diamond_ore":1,"minecraft:spruce_planks":4,"minecraft:farmland":1,"minecraft:mossy_cobblestone":1,"minecraft:cobblestone_stairs":1,"minecraft:obsidian":1,"born_in_chaos_v1:infected_diamond_ore":2,"minecraft:granite":3,"minecraft:grass_block":7,"gobber2:gobber2_lucky_block":1,"born_in_chaos_v1:black_argillite":2,"byg:skyris_log":5,"the_arcaneum:conglomerate_ore":12,"minecraft:spruce_leaves":20,"byg:stripped_skyris_log":6,"minecraft:large_fern":6,"gobber2:gobber2_ore":2,"iceandfire:copper_ore":4,"minecraft:iron_ore":19,"zombie_extreme:ore_lead":1,"minecraft:fire":1,"zombie_extreme:ore_steel":2,"minecraft:andesite":8,"lycanitesmobs:frostfire":41,"minecraft:stripped_spruce_log":1,"minecraft:light_gray_concrete":2,"minecraft:purple_carpet":1,"byg:rocky_stone":1,"minecraft:spruce_wood":6,"minecraft:stone":171,"gobber2:gobber2_plant":24,"tconstruct:copper_ore":42,"zombie_extreme:ore_aluminum":1,"minecraft:glass_pane":2,"minecraft:infested_stone_bricks":1,"byg:skyris_leaves":2,"goblinsanddungeons:scoria":4,"minecraft:crafting_table":1,"minecraft:torch":2,"minecraft:melon":3,"forestcraft:deep_rock":6,"bloodandmadness:mercury_soaked_stone":6,"minecraft:cobblestone":49,"minecraft:oak_planks":1,"minecraft:diorite":17,"minecraft:wall_torch":3,"minecraft:red_terracotta":4,"byg:soapstone":8,"byg:green_apple_skyris_leaves":1,"byg:scoria_stone":13,"minecraft:dark_oak_slab":1,"zombie_extreme:ore_tin":4,"minecraft:spruce_log":3,"byg:overgrown_stone":5,"byg:short_grass":3,"byg:foxglove":1,"minecraft:grass_path":3,"minecraft:grass":72,"byg:skyris_planks":1,"minecraft:coal_ore":28,"minecraft:oak_log":6,"byg:skyris_vine":1,"minecraft:beetroots":1,"minecraft:gravel":2,"minecraft:dirt":21,"minecraft:cracked_stone_bricks":2,"minecraft:polished_andesite":3,"minecraft:oak_leaves":1}},"DataVersion":2586}