{"stats":{"minecraft:killed_by":{"zombie_extreme:night_hunter":2,"minecraft:piglin_brute":2,"lycanitesmobs:wraith":2,"zombie_extreme:assasin_black_ops":4,"iceandfire:stymphalian_bird":1,"lycanitesmobs:jabberwock":1,"zombie_extreme:chainsaw":3,"hmm:freddykrueger":3,"zombie_extreme:bomber":1,"zombienation:zombie_2":1,"minecraft:vindicator":2,"minecraft:cave_spider":2,"iceandfire:ice_dragon":1,"artifacts:mimic":1,"zombienation:zombie_3":7,"zombienation:zombie_4":5,"lycanitesmobs:darkling":1,"farlanders:looter":2,"undead_expansion:haunter":1,"minecraft:player":22,"mca:male_villager":1,"zombie_extreme:infected_juggernaut":1,"lycanitesmobs:chupacabra":1,"hmm:patrick_bateman":1,"zombie_extreme:infected_police":2,"mowziesmobs:ferrous_wroughtnaut":3,"born_in_chaos_v1:bonescaller":1,"lycanitesmobs:reiver":43,"bloodandmadness:brainsucker":1,"lycanitesmobs:grue":1,"lycanitesmobs:vapula":1,"undead_expansion:wandering_knight":2,"lycanitesmobs:aegis":1},"minecraft:mined":{"minecraft:dark_oak_planks":1,"minecraft:spruce_planks":9,"minecraft:farmland":1,"minecraft:black_terracotta":1,"minecraft:cobblestone_stairs":2,"infernalexp:soul_stone":3,"divinerpg:realmite_ore":2,"minecraft:spruce_trapdoor":2,"minecraft:obsidian":1,"minecraft:granite":3,"minecraft:grass_block":14,"minecraft:infested_cobblestone":1,"gobber2:gobber2_lucky_block":1,"byg:skyris_log":5,"the_arcaneum:conglomerate_ore":12,"minecraft:soul_soil":5,"minecraft:blue_wool":1,"undead_expansion:cracked_shaded_stone_bricks":3,"minecraft:chiseled_stone_bricks":1,"minecraft:spawner":4,"gobber2:gobber2_ore":2,"minecraft:iron_ore":19,"minecraft:barrel":2,"minecraft:fire":1,"zombie_extreme:ore_steel":2,"vampirism:tent":1,"minecraft:light_gray_concrete":2,"minecraft:purple_carpet":1,"minecraft:green_carpet":1,"byg:fir_leaves":3,"minecraft:spruce_wood":11,"gobber2:gobber2_plant":24,"minecraft:gray_terracotta":1,"byg:skyris_leaves":2,"minecraft:torch":4,"minecraft:melon":3,"forestcraft:deep_rock":6,"undead_expansion:mossy_shaded_stone_bricks":5,"minecraft:cobblestone":51,"bloodandmadness:mercury_soaked_stone":6,"minecraft:oak_planks":1,"minecraft:bricks":4,"minecraft:wall_torch":4,"byg:soapstone":11,"minecraft:dark_oak_slab":1,"byg:overgrown_stone":11,"minecraft:grass":89,"byg:skyris_planks":1,"minecraft:oak_log":6,"minecraft:beetroots":1,"minecraft:dirt":33,"minecraft:wither_skeleton_skull":6,"minecraft:netherrack":52,"minecraft:oak_leaves":2,"minecraft:diamond_ore":1,"lycanitesmobs:icefire":4,"minecraft:mossy_cobblestone":3,"byg:water_silk":1,"born_in_chaos_v1:infected_diamond_ore":2,"minecraft:nether_bricks":1,"born_in_chaos_v1:black_argillite":2,"minecraft:spruce_leaves":37,"byg:stripped_skyris_log":6,"minecraft:large_fern":10,"iceandfire:copper_ore":4,"zombie_extreme:ore_lead":1,"minecraft:acacia_wood":3,"undead_expansion:shaded_stone_bricks":17,"minecraft:andesite":9,"lycanitesmobs:frostfire":46,"minecraft:stripped_spruce_log":1,"minecraft:vine":2,"minecraft:lantern":1,"byg:rocky_stone":1,"minecraft:bamboo":1,"minecraft:stone":205,"tconstruct:copper_ore":42,"zombie_extreme:ore_aluminum":1,"minecraft:light_gray_carpet":3,"minecraft:glass_pane":2,"minecraft:soul_sand":21,"minecraft:infested_stone_bricks":1,"goblinsanddungeons:scoria":10,"minecraft:crafting_table":1,"minecraft:tall_grass":1,"minecraft:diorite":17,"minecraft:red_terracotta":15,"byg:green_apple_skyris_leaves":1,"minecraft:coarse_dirt":1,"byg:scoria_stone":13,"zombie_extreme:ore_tin":4,"minecraft:white_carpet":9,"minecraft:spruce_log":3,"byg:short_grass":4,"byg:foxglove":1,"minecraft:grass_path":3,"minecraft:coal_ore":35,"byg:skyris_vine":1,"minecraft:gravel":3,"minecraft:cobweb":6,"minecraft:cracked_stone_bricks":5,"byg:fir_log":23,"minecraft:polished_andesite":5,"lycanitesmobs:scorchfire":5,"minecraft:stone_bricks":9,"minecraft:mossy_stone_bricks":2,"minecraft:fern":13},"minecraft:crafted":{"minecraft:oak_planks":20,"minecraft:stone":32,"minecraft:iron_boots":1,"minecraft:diamond_helmet":1,"minecraft:diamond_leggings":1,"tombstone:grave_key":21,"minecraft:chest":4,"vampirism:stake":1,"gobber2:gobber2_pickaxe":2,"minecraft:diamond_axe":1,"minecraft:crafting_table":2,"minecraft:spruce_planks":32,"minecraft:iron_helmet":1,"gobber2:gobber2_hammer":1,"minecraft:wooden_pickaxe":2,"gobber2:gobber2_rod":12,"mca:cross_headstone":1,"tombstone:white_marble":4,"minecraft:iron_chestplate":2,"minecraft:shield":1,"minecraft:stick":24,"minecraft:iron_pickaxe":1,"gobber2:gobber2_medallion":1,"tombstone:book_of_disenchantment":1,"minecraft:wooden_sword":2,"tombstone:strange_tablet":1,"minecraft:bone_meal":9,"minecraft:diamond":27,"gobber2:gobber2_rod_nether":2,"tombstone:tablet_of_recall":1,"minecraft:diamond_boots":1,"minecraft:netherite_scrap":2,"gobber2:gobber2_sword":2,"tombstone:decorative_grave_cross":1,"byg:skyris_planks":40,"tombstone:dark_marble":2,"minecraft:wooden_axe":1,"minecraft:iron_leggings":1,"minecraft:acacia_planks":12,"minecraft:diamond_chestplate":1,"tombstone:bone_needle":1},"minecraft:killed":{"minecraft:cave_spider":22,"lycanitesmobs:arix":1,"zombie_extreme:night_hunter":1,"lycanitesmobs:roc":5,"minecraft:spider":1,"the_arcaneum:sleep_paralysis_demon":2,"lycanitesmobs:gnekk":2,"undead_expansion:wandering_knight":11,"bloodandmadness:female_beast_patient":1,"minecraft:skeleton":1,"forestcraft:wood_abomination":1,"lycanitesmobs:bobeko":2,"bloodandmadness:beast_patient":2,"vampirism:advanced_hunter":1,"artifacts:mimic":2,"hmm:freddykrueger":5,"born_in_chaos_v1:bonescaller":1,"minecraft:pig":1,"alexsmobs:grizzly_bear":1,"lycanitesmobs:frostweaver":1,"undead_expansion:haunter":6,"minecraft:sheep":2,"minecraft:pillager":2,"minecraft:zombie":7,"born_in_chaos_v1:dread_hound":2,"zombienation:zombie_8":1,"born_in_chaos_v1:diamond_thermite":4,"lycanitesmobs:remobra":3,"lycanitesmobs:geonach":10,"lycanitesmobs:warg":1,"lycanitesmobs:pixen":1,"mca:female_zombie_villager":1,"lycanitesmobs:reaper":5,"mca:male_zombie_villager":1,"lycanitesmobs:darkling":1,"lycanitesmobs:silex":1,"zombienation:zombie_6":4,"lycanitesmobs:ent":2,"lycanitesmobs:shade":2,"zombie_extreme:runner":3,"undead:lostsoul":1,"zombie_extreme:boomer":2,"lycanitesmobs:grue":2,"zombie_extreme:infected":3,"farlanders:ender_golem":1,"hmm:patrick_bateman":1,"lycanitesmobs:chupacabra":3,"alexsmobs:crocodile":1,"zombienation:zombie_3":1,"iceandfire:ghost":1,"zombienation:zombie_4":1,"born_in_chaos_v1:baby_skkl":2,"zombie_extreme:assasin_black_ops":1,"lycanitesmobs:wraith":1,"mca:female_villager":1,"lycanitesmobs:reiver":5,"lycanitesmobs:jabberwock":1,"riskofrainmod:lemurian":1,"lycanitesmobs:wisp":1},"minecraft:custom":{"lootr:looted_stat":80,"minecraft:interact_with_crafting_table":57,"minecraft:open_barrel":4,"minecraft:leave_game":48,"minecraft:time_since_death":1743,"minecraft:damage_resisted":54,"minecraft:sprint_one_cm":1541677,"minecraft:damage_blocked_by_shield":3171,"minecraft:drop":170,"minecraft:play_noteblock":6,"minecraft:deaths":128,"minecraft:jump":6278,"minecraft:walk_on_water_one_cm":56651,"minecraft:enchant_item":5,"minecraft:interact_with_furnace":15,"minecraft:play_one_minute":918739,"minecraft:sleep_in_bed":37,"tombstone:sneak_grave":1,"minecraft:damage_dealt":49360,"minecraft:player_kills":11,"minecraft:crouch_one_cm":7368,"tombstone:undead_killed":34,"tombstone:villager_killed":1,"minecraft:interact_with_anvil":9,"minecraft:mob_kills":157,"minecraft:damage_dealt_resisted":183,"minecraft:climb_one_cm":124309,"vampirism:interact_alchemical_cauldron":1,"minecraft:walk_one_cm":3051834,"minecraft:sneak_time":4370,"minecraft:walk_under_water_one_cm":37382,"tombstone:raider_killed":2,"minecraft:time_since_rest":439,"minecraft:damage_absorbed":108,"minecraft:damage_taken":45842,"minecraft:trigger_trapped_chest":1,"tombstone:cast_on_ally":0,"minecraft:swim_one_cm":20115,"minecraft:fly_one_cm":425234,"minecraft:open_chest":524,"minecraft:fall_one_cm":127587},"minecraft:picked_up":{"minecraft:iron_chestplate":1,"lycanitesmobs:raw_chupacabra_meat":9,"iceandfire:copper_ore":4,"byg:foxglove":1,"artifacts:umbrella":2,"minecraft:lead":1,"minecraft:wither_rose":1,"tombstone:grave_key":5,"iceandfire:armor_silver_metal_chestplate":1,"born_in_chaos_v1:black_argillite":3,"iceandfire:manuscript":2,"minecraft:string":18,"gobber2:gobber2_seed":32,"lycanitesmobs:lightballcharge":3,"the_arcaneum:conglomerate_ore":29,"gobber2:gobber2_sword_nether":3,"minecraft:beetroot":1,"minecraft:gold_nugget":2,"minecraft:spruce_planks":9,"lycanitesmobs:raw_bobeko_meat":9,"minecraft:melon_slice":14,"minecraft:blue_wool":1,"zombie_extreme:raw_aluminum":5,"minecraft:stick":8,"undead_expansion:shaded_stone_bricks":5,"undead_expansion:fracturedplating":2,"minecraft:torch":18,"divinerpg:realmite_ore":2,"epicfight:skillbook":6,"minecraft:dried_kelp":1,"tombstone:grave_dust":4,"minecraft:diorite":53,"vampirism:amulet":1,"bountifulbaubles:magic_mirror":1,"minecraft:rotten_flesh":12,"artifacts:villager_hat":2,"zombie_extreme:rotten_apple":5,"minecraft:obsidian":32,"minecraft:snowball":18,"minecraft:cobblestone":1331,"occultism:datura_seeds":4,"minecraft:feather":12,"lycanitesmobs:venomshotcharge":10,"minecraft:andesite":24,"minecraft:flint":1,"lycanitesmobs:icefireballcharge":3,"minecraft:wither_skeleton_skull":5,"gobber2:gobber2_ore":12,"lycanitesmobs:frostwebcharge":4,"minecraft:lapis_lazuli":27,"minecraft:dirt":70,"minecraft:lantern":1,"born_in_chaos_v1:monster_skin":2,"minecraft:leather_boots":1,"minecraft:bone":28,"forestcraft:sky_fragment":4,"minecraft:gray_terracotta":4,"minecraft:wheat_seeds":12,"lycanitesmobs:poisongland":6,"gobber2:gobber2_globette":5,"minecraft:mossy_stone_bricks":2,"minecraft:glowstone_dust":4,"minecraft:bamboo":3,"minecraft:oak_planks":1,"lycanitesmobs:raw_yale_meat":1,"minecraft:black_terracotta":4,"lycanitesmobs:spectralboltcharge":4,"lycanitesmobs:frostboltcharge":12,"lycanitesmobs:raw_silex_meat":4,"gobber2:gobber2_chestplate":1,"minecraft:stripped_spruce_log":2,"minecraft:nether_brick_stairs":1,"undead_expansion:spawner_shard":3,"minecraft:diamond_block":3,"minecraft:dark_oak_log":8,"minecraft:red_terracotta":29,"minecraft:mossy_cobblestone":1,"minecraft:light_gray_concrete":2,"minecraft:polished_andesite":5,"tombstone:familiar_stone":1,"minecraft:diamond":2,"minecraft:granite":54,"minecraft:emerald":1,"minecraft:oak_sapling":8,"minecraft:light_gray_carpet":6,"gobber2:gobber2_sword":1,"minecraft:bricks":4,"minecraft:coarse_dirt":1,"minecraft:crafting_table":1,"byg:soapstone":34,"minecraft:brown_mushroom":2,"zombie_extreme:raw_tin":12,"byg:stripped_skyris_log":6,"iceandfire:frozen_cobblestone":1,"minecraft:brick":1,"minecraft:shield":1,"undead_expansion:ectoplasm":4,"iceandfire:frozen_stone":1,"minecraft:wooden_sword":1,"minecraft:white_carpet":18,"lycanitesmobs:tricksterflarecharge":2,"minecraft:cracked_stone_bricks":5,"minecraft:poppy":1,"minecraft:spruce_slab":1,"minecraft:spruce_trapdoor":1,"minecraft:phantom_membrane":7,"iceandfire:dragonbone":3,"undead_expansion:rusty_shovel":1,"minecraft:stone":14,"lycanitesmobs:frostyfur":4,"minecraft:bowl":1,"byg:green_apple":14,"minecraft:redstone":5,"byg:red_birch_sapling":1,"minecraft:prismarine_crystals":2,"alexsmobs:crocodile_scute":1,"minecraft:dark_oak_planks":1,"iceandfire:dragon_skull_ice":1,"artifacts:snorkel":1,"minecraft:arrow":1,"born_in_chaos_v1:diamond_thermite_shard":2,"forestcraft:deep_rock":9,"minecraft:beetroot_seeds":3,"minecraft:pumpkin_pie":1,"minecraft:nether_bricks":4,"minecraft:diamond_boots":1,"minecraft:mutton":3,"byg:rocky_stone":8,"minecraft:white_wool":2,"vampirism:vampire_blood_bottle":1,"vampirism:item_tent":1,"minecraft:leather":14,"minecraft:red_mushroom":2,"minecraft:acacia_wood":9,"minecraft:filled_map":1,"minecraft:ice":8,"minecraft:oak_log":6,"minecraft:cobblestone_stairs":2,"mowziesmobs:wrought_axe":1,"minecraft:blue_bed":1,"infernalexp:soul_stone":4,"zombie_extreme:raw_steel":2,"tombstone:gift":1,"zombie_extreme:raw_lead":2,"byg:scoria_cobblestone":41,"minecraft:apple":1,"minecraft:stone_bricks":9,"bloodandmadness:raw_quicksilver":5,"gobber2:gobber2_pickaxe":1,"minecraft:spruce_wood":11,"lycanitesmobs:crystalshardcharge":4,"byg:skyris_sapling":2,"minecraft:iron_ore":32,"goblinsanddungeons:scoria":71,"minecraft:soul_sand":3,"gobber2:gobber2_hammer":1,"minecraft:book":15,"artifacts:obsidian_skull":2,"minecraft:dark_oak_slab":2,"minecraft:quartz":20,"minecraft:gravel":49,"mowziesmobs:wrought_helmet":1,"minecraft:spruce_log":5,"vampirism:hunter_axe_ultimate":1,"minecraft:green_carpet":1,"minecraft:spider_eye":4,"undead_expansion:cracked_shaded_stone_bricks":2,"byg:skyris_log":13,"bloodandmadness:coldblood_dew":239,"minecraft:slime_ball":8,"undead_expansion:mossy_shaded_stone_bricks":4,"lycanitesmobs:equipmentpart_reaperclaw":1,"the_arcaneum:shadowplasm":4,"hmm:freddykruegerglove":1,"gobber2:gobber2_hammer_nether":1,"minecraft:melon_seeds":3,"minecraft:coal":37,"minecraft:ender_pearl":25},"minecraft:dropped":{"minecraft:acacia_wood":6,"occultism:datura_seeds":4,"minecraft:brown_mushroom":2,"minecraft:lapis_lazuli":16,"lycanitesmobs:poisongland":2,"minecraft:cracked_stone_bricks":2,"lycanitesmobs:venomshotcharge":2,"minecraft:cobblestone_stairs":1,"undead_expansion:ectoplasm":1,"minecraft:dirt":8,"minecraft:dark_oak_log":8,"minecraft:mutton":1,"minecraft:wooden_sword":1,"minecraft:phantom_membrane":3,"lycanitesmobs:lightballcharge":1,"minecraft:white_wool":1,"bountifulbaubles:magic_mirror":1,"undead_expansion:mossy_shaded_stone_bricks":3,"minecraft:gravel":69,"gobber2:gobber2_sword_nether":1,"minecraft:obsidian":7,"minecraft:rotten_flesh":5,"artifacts:villager_hat":1,"minecraft:glowstone_dust":2,"minecraft:light_gray_carpet":6,"minecraft:poppy":1,"byg:rocky_stone":6,"bloodandmadness:coldblood_dew":83,"vampirism:hunter_axe_ultimate":1,"minecraft:wheat_seeds":6,"lycanitesmobs:spectralboltcharge":2,"lycanitesmobs:raw_silex_meat":4,"minecraft:feather":1,"minecraft:cobblestone":945,"minecraft:granite":49,"vampirism:amulet":1,"minecraft:golden_apple":2,"minecraft:polished_andesite":3,"minecraft:diorite":41,"tombstone:grave_key":5,"byg:soapstone":30,"iceandfire:armor_silver_metal_chestplate":2,"tombstone:grave_dust":1,"undead_expansion:shaded_stone_bricks":7,"bloodandmadness:raw_quicksilver":4,"minecraft:string":8,"tombstone:familiar_stone":1,"minecraft:bowl":2,"minecraft:white_carpet":18,"minecraft:light_gray_concrete":2,"minecraft:filled_map":1,"minecraft:stone":7,"minecraft:spruce_planks":2,"minecraft:andesite":7,"minecraft:spider_eye":2,"minecraft:bamboo":3,"minecraft:slime_ball":2,"lycanitesmobs:frostboltcharge":6,"forestcraft:sky_fragment":1},"minecraft:used":{"minecraft:beetroot":1,"forestcraft:sky_fragment":9,"minecraft:spruce_slab":1,"minecraft:chest":5,"minecraft:shield":64,"minecraft:stone":65,"minecraft:iron_sword":211,"gobber2:gobber2_sword_nether":379,"minecraft:soul_sand":10,"minecraft:mutton":1,"artifacts:umbrella":4,"minecraft:obsidian":2,"vampirism:item_tent":1,"minecraft:bricks":4,"minecraft:lantern":1,"minecraft:spruce_wood":1,"minecraft:dark_oak_slab":2,"gobber2:gobber2_hammer":176,"byg:fir_log":23,"minecraft:bow":4,"minecraft:beetroot_seeds":1,"byg:green_apple":151,"gobber2:gobber2_pickaxe":495,"epicfight:skillbook":2,"minecraft:diorite":6,"minecraft:wither_skeleton_skull":9,"minecraft:oak_planks":1,"tombstone:decorative_grave_cross":1,"tombstone:scroll_of_true_sight":1,"minecraft:wooden_pickaxe":15,"minecraft:blue_bed":1,"minecraft:diamond_axe":33,"epicfight:iron_longsword":11,"minecraft:golden_apple":3,"vampirism:stake":1,"minecraft:black_terracotta":1,"minecraft:melon_slice":14,"minecraft:bread":86,"minecraft:red_terracotta":26,"tombstone:grave_key":26,"minecraft:wooden_sword":70,"mca:cross_headstone":1,"lycanitesmobs:frostyfur":3,"minecraft:coarse_dirt":1,"minecraft:experience_bottle":117,"minecraft:spruce_planks":30,"zombie_extreme:canned_food":1,"born_in_chaos_v1:black_argillite":2,"minecraft:torch":17,"minecraft:dirt":29,"tombstone:scroll_of_aquatic_life":2,"minecraft:dark_oak_planks":1,"minecraft:wooden_axe":8,"goblinsanddungeons:scoria":36,"minecraft:totem_of_undying":1,"gobber2:gobber2_gooey_beef":1,"gobber2:gobber2_sword":935,"tombstone:gift":10,"minecraft:enchanted_golden_apple":1,"minecraft:beetroot_soup":5,"minecraft:golden_axe":1,"lycanitesmobs:raw_chupacabra_meat":5,"gobber2:gobber2_hammer_nether":43,"zombie_extreme:rotten_apple":1,"minecraft:gilded_blackstone":3,"minecraft:mossy_cobblestone":1,"minecraft:crafting_table":2,"forestcraft:deep_rock":7,"mowziesmobs:wrought_axe":60,"vampirism:hunter_axe_ultimate":1,"tombstone:bag_of_seeds":1,"minecraft:apple":1,"lycanitesmobs:raw_yale_meat":1,"tombstone:magic_scroll":1,"byg:skyris_vine":18,"divinerpg:realmite_ore":2,"byg:soapstone":54,"lycanitesmobs:raw_bobeko_meat":5,"minecraft:cobblestone":357,"minecraft:bucket":1,"alexsmobs:animal_dictionary":2},"minecraft:broken":{"minecraft:iron_boots":1,"minecraft:iron_chestplate":1,"minecraft:iron_leggings":1,"minecraft:wooden_sword":1,"minecraft:shield":1,"minecraft:iron_helmet":2}},"DataVersion":2586}