{"stats":{"minecraft:crafted":{"minecraft:oak_planks":20,"minecraft:diamond_helmet":1,"minecraft:diamond_leggings":1,"minecraft:iron_boots":1,"tombstone:grave_key":10,"minecraft:chest":3,"vampirism:stake":1,"gobber2:gobber2_pickaxe":2,"minecraft:diamond_axe":1,"minecraft:crafting_table":2,"minecraft:spruce_planks":32,"minecraft:wooden_pickaxe":2,"gobber2:gobber2_hammer":1,"minecraft:iron_helmet":1,"gobber2:gobber2_rod":12,"mca:cross_headstone":1,"minecraft:iron_chestplate":2,"minecraft:shield":1,"minecraft:stick":24,"minecraft:iron_pickaxe":1,"gobber2:gobber2_medallion":1,"minecraft:wooden_sword":2,"minecraft:diamond":27,"minecraft:diamond_boots":1,"gobber2:gobber2_sword":2,"byg:skyris_planks":40,"minecraft:wooden_axe":1,"minecraft:iron_leggings":1,"minecraft:diamond_chestplate":1},"minecraft:broken":{"minecraft:iron_boots":1,"minecraft:iron_chestplate":1,"minecraft:iron_leggings":1,"minecraft:wooden_sword":1,"minecraft:shield":1,"minecraft:iron_helmet":2},"minecraft:killed":{"lycanitesmobs:roc":3,"lycanitesmobs:gnekk":2,"minecraft:skeleton":1,"lycanitesmobs:bobeko":1,"hmm:freddykrueger":2,"minecraft:pig":1,"alexsmobs:grizzly_bear":1,"lycanitesmobs:frostweaver":1,"undead_expansion:haunter":2,"minecraft:sheep":2,"minecraft:pillager":2,"minecraft:zombie":2,"zombienation:zombie_8":1,"born_in_chaos_v1:diamond_thermite":4,"lycanitesmobs:geonach":8,"lycanitesmobs:pixen":1,"mca:female_zombie_villager":1,"lycanitesmobs:reaper":1,"mca:male_zombie_villager":1,"lycanitesmobs:darkling":1,"lycanitesmobs:silex":1,"zombienation:zombie_6":1,"lycanitesmobs:ent":1,"lycanitesmobs:shade":2,"zombie_extreme:runner":3,"zombie_extreme:boomer":1,"zombie_extreme:infected":3,"lycanitesmobs:chupacabra":2,"alexsmobs:crocodile":1,"zombienation:zombie_3":1,"mca:female_villager":1,"lycanitesmobs:reiver":3,"lycanitesmobs:wisp":1},"minecraft:killed_by":{"zombie_extreme:night_hunter":2,"minecraft:piglin_brute":2,"zombie_extreme:assasin_black_ops":3,"iceandfire:stymphalian_bird":1,"hmm:freddykrueger":3,"zombie_extreme:chainsaw":3,"zombie_extreme:bomber":1,"zombienation:zombie_2":1,"minecraft:vindicator":2,"iceandfire:ice_dragon":1,"zombienation:zombie_3":6,"zombienation:zombie_4":5,"lycanitesmobs:darkling":1,"minecraft:player":9,"mca:male_villager":1,"zombie_extreme:infected_juggernaut":1,"lycanitesmobs:chupacabra":1,"zombie_extreme:infected_police":2,"mowziesmobs:ferrous_wroughtnaut":3,"lycanitesmobs:reiver":36,"bloodandmadness:brainsucker":1,"lycanitesmobs:vapula":1,"lycanitesmobs:aegis":1},"minecraft:custom":{"lootr:looted_stat":24,"minecraft:interact_with_crafting_table":41,"minecraft:leave_game":37,"minecraft:time_since_death":5014,"minecraft:sprint_one_cm":1086077,"minecraft:damage_blocked_by_shield":3006,"minecraft:drop":102,"minecraft:deaths":91,"minecraft:jump":4142,"minecraft:walk_on_water_one_cm":41304,"minecraft:interact_with_furnace":7,"minecraft:play_one_minute":649170,"minecraft:sleep_in_bed":15,"tombstone:sneak_grave":1,"minecraft:damage_dealt":18933,"minecraft:player_kills":3,"minecraft:crouch_one_cm":7368,"tombstone:undead_killed":12,"tombstone:villager_killed":1,"minecraft:mob_kills":59,"minecraft:climb_one_cm":115373,"minecraft:walk_one_cm":2150130,"minecraft:sneak_time":4370,"minecraft:walk_under_water_one_cm":9868,"tombstone:raider_killed":2,"minecraft:time_since_rest":4775,"minecraft:damage_taken":31489,"tombstone:cast_on_ally":0,"minecraft:swim_one_cm":12550,"minecraft:fly_one_cm":279426,"minecraft:open_chest":231,"minecraft:fall_one_cm":86595},"minecraft:used":{"minecraft:beetroot":1,"forestcraft:sky_fragment":9,"minecraft:spruce_slab":1,"minecraft:chest":4,"minecraft:shield":64,"minecraft:iron_sword":211,"minecraft:mutton":1,"minecraft:obsidian":2,"minecraft:spruce_wood":1,"minecraft:dark_oak_slab":2,"gobber2:gobber2_hammer":101,"minecraft:beetroot_seeds":1,"byg:green_apple":40,"epicfight:skillbook":1,"gobber2:gobber2_pickaxe":397,"minecraft:diorite":6,"minecraft:oak_planks":1,"minecraft:wooden_pickaxe":15,"epicfight:iron_longsword":11,"minecraft:blue_bed":1,"minecraft:diamond_axe":11,"tconstruct:copper_ore":15,"vampirism:stake":1,"minecraft:bread":86,"minecraft:melon_slice":14,"minecraft:red_terracotta":1,"tombstone:grave_key":15,"minecraft:wooden_sword":70,"mca:cross_headstone":1,"lycanitesmobs:frostyfur":3,"minecraft:spruce_planks":30,"born_in_chaos_v1:black_argillite":2,"minecraft:torch":12,"minecraft:dirt":20,"tombstone:scroll_of_aquatic_life":2,"minecraft:dark_oak_planks":1,"minecraft:wooden_axe":8,"goblinsanddungeons:scoria":36,"gobber2:gobber2_gooey_beef":1,"gobber2:gobber2_sword":476,"tombstone:gift":10,"minecraft:golden_axe":1,"minecraft:beetroot_soup":5,"lycanitesmobs:raw_chupacabra_meat":5,"zombie_extreme:rotten_apple":1,"minecraft:gilded_blackstone":3,"minecraft:crafting_table":2,"mowziesmobs:wrought_axe":9,"forestcraft:deep_rock":7,"vampirism:hunter_axe_ultimate":1,"minecraft:apple":1,"lycanitesmobs:raw_yale_meat":1,"byg:skyris_vine":18,"lycanitesmobs:raw_bobeko_meat":5,"minecraft:cobblestone":282,"minecraft:bucket":1,"alexsmobs:animal_dictionary":2},"minecraft:dropped":{"minecraft:brown_mushroom":2,"minecraft:cracked_stone_bricks":2,"minecraft:dirt":8,"minecraft:mutton":1,"minecraft:wooden_sword":1,"lycanitesmobs:lightballcharge":1,"minecraft:white_wool":1,"bountifulbaubles:magic_mirror":1,"minecraft:gravel":69,"minecraft:obsidian":4,"minecraft:rotten_flesh":5,"minecraft:glowstone_dust":2,"minecraft:poppy":1,"byg:rocky_stone":6,"bloodandmadness:coldblood_dew":34,"vampirism:hunter_axe_ultimate":1,"minecraft:wheat_seeds":1,"lycanitesmobs:raw_silex_meat":4,"minecraft:cobblestone":938,"minecraft:granite":48,"vampirism:amulet":1,"minecraft:polished_andesite":3,"minecraft:diorite":41,"tombstone:grave_key":5,"byg:soapstone":30,"tconstruct:copper_ore":1,"iceandfire:armor_silver_metal_chestplate":2,"bloodandmadness:raw_quicksilver":4,"minecraft:string":2,"minecraft:bowl":2,"minecraft:light_gray_concrete":2,"minecraft:stone":7,"minecraft:andesite":7,"lycanitesmobs:frostboltcharge":6},"minecraft:picked_up":{"minecraft:iron_chestplate":1,"lycanitesmobs:raw_chupacabra_meat":7,"iceandfire:copper_ore":4,"byg:foxglove":1,"tombstone:grave_key":5,"iceandfire:armor_silver_metal_chestplate":1,"born_in_chaos_v1:black_argillite":3,"iceandfire:manuscript":2,"minecraft:string":2,"gobber2:gobber2_seed":32,"lycanitesmobs:lightballcharge":3,"the_arcaneum:conglomerate_ore":29,"minecraft:beetroot":1,"minecraft:gold_nugget":2,"minecraft:spruce_planks":4,"lycanitesmobs:raw_bobeko_meat":5,"minecraft:melon_slice":14,"zombie_extreme:raw_aluminum":5,"minecraft:stick":5,"minecraft:torch":15,"epicfight:skillbook":2,"minecraft:dried_kelp":1,"minecraft:diorite":53,"vampirism:amulet":1,"bountifulbaubles:magic_mirror":1,"minecraft:rotten_flesh":8,"zombie_extreme:rotten_apple":4,"minecraft:obsidian":10,"minecraft:snowball":15,"minecraft:cobblestone":1271,"minecraft:feather":5,"minecraft:andesite":23,"minecraft:flint":1,"minecraft:lapis_lazuli":6,"minecraft:wither_skeleton_skull":1,"gobber2:gobber2_ore":12,"lycanitesmobs:frostwebcharge":4,"minecraft:dirt":49,"minecraft:bone":12,"forestcraft:sky_fragment":3,"minecraft:wheat_seeds":8,"lycanitesmobs:poisongland":3,"gobber2:gobber2_globette":5,"minecraft:glowstone_dust":4,"minecraft:oak_planks":1,"lycanitesmobs:raw_yale_meat":1,"lycanitesmobs:frostboltcharge":12,"lycanitesmobs:raw_silex_meat":4,"minecraft:stripped_spruce_log":2,"minecraft:diamond_block":3,"minecraft:red_terracotta":4,"minecraft:light_gray_concrete":2,"minecraft:polished_andesite":3,"minecraft:diamond":2,"minecraft:granite":51,"minecraft:emerald":1,"minecraft:oak_sapling":8,"gobber2:gobber2_sword":1,"minecraft:crafting_table":1,"byg:soapstone":32,"minecraft:brown_mushroom":2,"zombie_extreme:raw_tin":12,"byg:stripped_skyris_log":6,"minecraft:brick":1,"minecraft:shield":1,"undead_expansion:ectoplasm":2,"minecraft:wooden_sword":1,"lycanitesmobs:tricksterflarecharge":2,"minecraft:cracked_stone_bricks":2,"minecraft:poppy":1,"minecraft:spruce_slab":1,"minecraft:phantom_membrane":3,"minecraft:stone":7,"lycanitesmobs:frostyfur":3,"minecraft:bowl":1,"byg:green_apple":10,"minecraft:redstone":5,"byg:red_birch_sapling":1,"minecraft:prismarine_crystals":2,"alexsmobs:crocodile_scute":1,"minecraft:dark_oak_planks":1,"born_in_chaos_v1:diamond_thermite_shard":2,"forestcraft:deep_rock":9,"minecraft:beetroot_seeds":3,"minecraft:diamond_boots":1,"minecraft:mutton":3,"minecraft:white_wool":2,"byg:rocky_stone":8,"minecraft:leather":8,"minecraft:red_mushroom":2,"minecraft:ice":8,"minecraft:oak_log":6,"minecraft:cobblestone_stairs":1,"mowziesmobs:wrought_axe":1,"minecraft:blue_bed":1,"zombie_extreme:raw_steel":2,"tombstone:gift":1,"zombie_extreme:raw_lead":2,"byg:scoria_cobblestone":41,"bloodandmadness:raw_quicksilver":5,"gobber2:gobber2_pickaxe":1,"minecraft:spruce_wood":6,"lycanitesmobs:crystalshardcharge":4,"minecraft:iron_ore":32,"goblinsanddungeons:scoria":71,"minecraft:soul_sand":1,"gobber2:gobber2_hammer":1,"tconstruct:copper_ore":73,"minecraft:dark_oak_slab":2,"minecraft:quartz":13,"minecraft:gravel":49,"minecraft:spruce_log":5,"vampirism:hunter_axe_ultimate":1,"byg:skyris_log":4,"bloodandmadness:coldblood_dew":103,"minecraft:slime_ball":4,"the_arcaneum:shadowplasm":2,"minecraft:melon_seeds":1,"minecraft:coal":30,"minecraft:ender_pearl":20},"minecraft:mined":{"minecraft:dark_oak_planks":1,"minecraft:spruce_planks":4,"minecraft:farmland":1,"minecraft:cobblestone_stairs":1,"minecraft:obsidian":1,"minecraft:granite":3,"minecraft:grass_block":8,"gobber2:gobber2_lucky_block":1,"byg:skyris_log":5,"the_arcaneum:conglomerate_ore":12,"gobber2:gobber2_ore":2,"minecraft:iron_ore":19,"minecraft:fire":1,"zombie_extreme:ore_steel":2,"minecraft:purple_carpet":1,"minecraft:light_gray_concrete":2,"byg:fir_leaves":3,"minecraft:spruce_wood":6,"gobber2:gobber2_plant":24,"byg:skyris_leaves":2,"minecraft:torch":3,"minecraft:melon":3,"forestcraft:deep_rock":6,"minecraft:cobblestone":50,"bloodandmadness:mercury_soaked_stone":6,"minecraft:oak_planks":1,"minecraft:wall_torch":3,"byg:soapstone":8,"minecraft:dark_oak_slab":1,"byg:overgrown_stone":11,"minecraft:grass":76,"minecraft:oak_log":6,"byg:skyris_planks":1,"minecraft:beetroots":1,"minecraft:dirt":24,"minecraft:oak_leaves":1,"minecraft:diamond_ore":1,"minecraft:mossy_cobblestone":1,"byg:water_silk":1,"born_in_chaos_v1:infected_diamond_ore":2,"born_in_chaos_v1:black_argillite":2,"minecraft:spruce_leaves":24,"byg:stripped_skyris_log":6,"minecraft:large_fern":7,"iceandfire:copper_ore":4,"zombie_extreme:ore_lead":1,"minecraft:andesite":8,"lycanitesmobs:frostfire":41,"minecraft:stripped_spruce_log":1,"byg:rocky_stone":1,"minecraft:stone":187,"tconstruct:copper_ore":42,"zombie_extreme:ore_aluminum":1,"minecraft:glass_pane":2,"minecraft:infested_stone_bricks":1,"goblinsanddungeons:scoria":10,"minecraft:crafting_table":1,"minecraft:diorite":17,"byg:green_apple_skyris_leaves":1,"minecraft:red_terracotta":4,"byg:scoria_stone":13,"zombie_extreme:ore_tin":4,"minecraft:spruce_log":3,"byg:short_grass":4,"minecraft:grass_path":3,"byg:foxglove":1,"minecraft:coal_ore":28,"byg:skyris_vine":1,"minecraft:gravel":2,"minecraft:cracked_stone_bricks":2,"minecraft:polished_andesite":3}},"DataVersion":2586}