{"stats":{"minecraft:custom":{"minecraft:mob_kills":25,"minecraft:interact_with_crafting_table":11,"minecraft:leave_game":53,"minecraft:time_since_death":13152,"minecraft:climb_one_cm":43874,"minecraft:sprint_one_cm":352871,"minecraft:walk_one_cm":488831,"minecraft:drop":15,"minecraft:deaths":14,"minecraft:sneak_time":4408,"minecraft:walk_under_water_one_cm":272,"tombstone:tomb_raiding":1,"minecraft:jump":1665,"minecraft:walk_on_water_one_cm":506,"minecraft:interact_with_furnace":1,"minecraft:play_one_minute":233409,"minecraft:sleep_in_bed":2,"minecraft:time_since_rest":11294,"minecraft:damage_taken":6686,"minecraft:damage_dealt":6619,"minecraft:fly_one_cm":211452,"minecraft:open_chest":134,"minecraft:crouch_one_cm":12084,"tombstone:undead_killed":11,"minecraft:fall_one_cm":24735},"minecraft:crafted":{"minecraft:coal":36,"gobber2:gobber2_glob":1,"minecraft:iron_boots":2,"minecraft:iron_axe":1,"gobber2:gobber2_pickaxe":1,"minecraft:crafting_table":1,"minecraft:iron_helmet":3,"minecraft:iron_sword":1,"gobber2:gobber2_rod":2,"minecraft:iron_chestplate":2,"minecraft:stick":56,"minecraft:iron_pickaxe":1,"minecraft:iron_leggings":2,"the_arcaneum:ruby_tools_sword":1,"minecraft:torch":168},"minecraft:mined":{"byg:scoria_cobblestone":2,"iceandfire:frozen_cobblestone":1,"minecraft:obsidian":1,"minecraft:grass_block":5,"gobber2:gobber2_lucky_block":1,"byg:skyris_log":1,"the_arcaneum:conglomerate_ore":1,"minecraft:coal_block":4,"minecraft:black_glazed_terracotta":1,"zombie_extreme:ore_lead":2,"minecraft:iron_ore":6,"zombie_extreme:ore_steel":8,"minecraft:andesite":6,"lycanitesmobs:frostfire":3,"minecraft:nether_brick_stairs":2,"minecraft:vine":4,"the_arcaneum:gem_hoard":1,"minecraft:stone":53,"gobber2:gobber2_plant":16,"tconstruct:copper_ore":3,"zombie_extreme:ore_aluminum":11,"minecraft:crafting_table":1,"iceandfire:sapphire_ore":2,"minecraft:cobblestone":9,"bloodandmadness:mercury_soaked_stone":2,"minecraft:oak_planks":20,"minecraft:wall_torch":1,"byg:scoria_stone":6,"zombie_extreme:ore_tin":5,"zombie_extreme:thorium_ore":2,"minecraft:grass":2,"minecraft:coal_ore":8,"minecraft:dirt":3,"minecraft:cobweb":5},"minecraft:dropped":{"minecraft:chorus_fruit":1,"gobber2:gobber2_sword":1,"travelersbackpack:standard":1,"minecraft:coal":1,"zombie_extreme:raw_thorium":2,"tombstone:grave_key":2,"byg:scoria_cobblestone":6,"zombie_extreme:raw_aluminum":4,"minecraft:beetroot":1,"minecraft:rotten_flesh":1,"minecraft:shield":1,"the_arcaneum:ruby_tools_sword":1,"minecraft:beetroot_seeds":3,"zombie_extreme:raw_tin":2},"minecraft:killed":{"lycanitesmobs:tremor":1,"lycanitesmobs:reaper":1,"lycanitesmobs:darkling":1,"lycanitesmobs:spectre":1,"zombie_extreme:crawler":1,"zombie_extreme:boomer":1,"zombie_extreme:infected_military":1,"lycanitesmobs:grue":2,"zombie_extreme:infected":1,"zombie_extreme:infected_hazmat":1,"the_arcaneum:eyeclops":1,"alexsmobs:cockroach":1,"minecraft:zombie":4,"zombienation:zombie_3":1,"born_in_chaos_v1:dread_hound":1,"zombienation:zombie_7":1,"zombienation:zombie_4":1,"zombienation:zombie_8":2,"lycanitesmobs:geonach":3},"minecraft:broken":{"minecraft:iron_helmet":1},"minecraft:killed_by":{"mutantmore:rodling":1,"minecraft:player":1,"zombie_extreme:assasin_black_ops":2,"lycanitesmobs:jabberwock":1,"lycanitesmobs:gnekk":1,"bloodandmadness:beast_patient":1,"lycanitesmobs:reiver":1,"lycanitesmobs:banshee":1,"the_arcaneum:eyeclops":1,"lycanitesmobs:grue":1},"minecraft:used":{"minecraft:iron_sword":52,"minecraft:torch":91,"minecraft:dirt":7,"minecraft:iron_axe":12,"gobber2:gobber2_seed":16,"gobber2:gobber2_sword":48,"tombstone:gift":2,"epicfight:skillbook":2,"minecraft:water_bucket":1,"gobber2:gobber2_pickaxe":52,"the_arcaneum:conglomerate_ore":1,"minecraft:oak_planks":3,"minecraft:ender_pearl":1,"minecraft:crafting_table":1,"epicfight:iron_tachi":10,"the_arcaneum:ruby_tools_sword":16,"minecraft:bread":58,"minecraft:iron_pickaxe":77,"minecraft:cobblestone":72,"travelersbackpack:standard":1,"byg:scoria_cobblestone":2,"minecraft:bucket":1,"alexsmobs:animal_dictionary":1},"minecraft:picked_up":{"minecraft:crafting_table":1,"zombie_extreme:raw_tin":4,"iceandfire:frozen_cobblestone":1,"minecraft:shield":1,"epicfight:iron_tachi":1,"minecraft:string":4,"gobber2:gobber2_seed":38,"minecraft:iron_leggings":1,"the_arcaneum:conglomerate_ore":1,"minecraft:beetroot":1,"minecraft:ender_eye":1,"minecraft:iron_pickaxe":1,"minecraft:coal_block":4,"minecraft:phantom_membrane":2,"minecraft:iron_boots":1,"zombie_extreme:raw_aluminum":11,"minecraft:stone":1,"minecraft:torch":4,"epicfight:skillbook":1,"the_arcaneum:ruby":2,"minecraft:rotten_flesh":14,"minecraft:beetroot_seeds":3,"zombie_extreme:rotten_apple":2,"byg:skyris_planks":64,"minecraft:obsidian":8,"minecraft:cobblestone":404,"iceandfire:sapphire_gem":2,"gobber2:gobber2_ingot":33,"minecraft:water_bucket":1,"minecraft:andesite":6,"minecraft:dirt":14,"zombie_extreme:raw_steel":5,"zombie_extreme:raw_lead":2,"minecraft:bone":13,"byg:scoria_cobblestone":8,"bloodandmadness:raw_quicksilver":2,"minecraft:wheat_seeds":1,"minecraft:iron_ore":9,"gobber2:gobber2_globette":15,"gobber2:gobber2_gooey_beefstew_nether":1,"minecraft:oak_planks":18,"minecraft:soul_sand":2,"lycanitesmobs:spectralboltcharge":2,"tconstruct:copper_ore":3,"minecraft:gravel":44,"minecraft:nether_brick_stairs":2,"minecraft:spider_eye":1,"byg:skyris_log":1,"travelersbackpack:standard":2,"bloodandmadness:coldblood_dew":73,"minecraft:diamond":2,"the_arcaneum:ruby_tools_sword":1,"zombie_extreme:raw_thorium":2,"minecraft:emerald":2,"minecraft:bread":73,"gobber2:gobber2_sword":2,"minecraft:chorus_fruit":4,"minecraft:coal":6,"minecraft:ender_pearl":6}},"DataVersion":2586}