{"stats":{"minecraft:crafted":{"gobber2:gobber2_leggings":1,"minecraft:stone":64,"gobber2:gobber2_chestplate":1,"lycanitesmobs:stablesummoningstaff":1,"minecraft:iron_boots":2,"minecraft:chest":76,"byg:fir_planks":144,"zombie_extreme:ignot_aluminum":4,"torchmaster:megatorch":2,"zombie_extreme:ignotlead":4,"gobber2:gobber2_ingot":93,"minecraft:diamond_axe":6,"minecraft:spruce_planks":24,"minecraft:iron_helmet":2,"epicfight:iron_longsword":1,"minecraft:gold_block":1,"ob_core:platinum_ingot":16,"minecraft:iron_chestplate":2,"minecraft:diamond_pickaxe":1,"minecraft:stick":628,"minecraft:iron_ingot":479,"minecraft:iron_pickaxe":9,"minecraft:iron_block":3,"minecraft:gold_ingot":81,"armoroftheages:bamboo_hat":1,"lycanitesmobs:summoningstaff":1,"minecraft:spruce_log":6,"minecraft:coal":270,"zombie_extreme:ignotsteel":5,"minecraft:birch_log":60,"mca:bouquet":4,"minecraft:bone_meal":30,"gobber2:gobber2_glob":75,"minecraft:ladder":84,"minecraft:iron_hoe":1,"zombie_extreme:ignot_titan":1,"trashcans:item_trash_can":1,"byg:fir_crafting_table":1,"zombie_extreme:ignot_tin":3,"iceandfire:copper_ingot":3,"mca:engagement_ring":1,"gobber2:gobber2_seed":8,"iceandfire:silver_ingot":13,"lycanitesmobs:boulderblastcharge":24,"minecraft:iron_sword":3,"minecraft:bucket":2,"minecraft:air":0,"epicfight:iron_tachi":3,"byg:skyris_planks":960,"minecraft:iron_leggings":2,"minecraft:anvil":1,"minecraft:torch":1444},"minecraft:broken":{"minecraft:iron_boots":3,"minecraft:iron_chestplate":2,"minecraft:iron_leggings":2,"epicfight:iron_tachi":2,"minecraft:iron_axe":1,"minecraft:iron_pickaxe":10,"minecraft:iron_helmet":3},"minecraft:killed":{"lycanitesmobs:arix":2,"zombie_extreme:night_hunter":4,"lycanitesmobs:roc":3,"minecraft:spider":1,"divinerpg:the_eye":1,"lycanitesmobs:spriggan":3,"undead:zombiecow":1,"the_arcaneum:sleep_paralysis_demon":1,"lycanitesmobs:gnekk":3,"lycanitesmobs:volcan":1,"lycanitesmobs:bobeko":3,"bloodandmadness:beast_patient":4,"mutantmore:rodling":1,"lycanitesmobs:vapula":6,"mtmechs:tunnelarmor":1,"hmm:freddykrueger":2,"lycanitesmobs:aegis":5,"lycanitesmobs:frostweaver":1,"lycanitesmobs:aspid":1,"lycanitesmobs:wraamon":2,"zombienation:chesthead":1,"undead_expansion:haunter":8,"zombie_extreme:chainsaw":1,"minecraft:pillager":4,"minecraft:zombie":13,"the_arcaneum:butterfly":1,"born_in_chaos_v1:dread_hound":1,"zombienation:zombie_7":3,"born_in_chaos_v1:diamond_thermite":9,"zombienation:zombie_8":4,"zombie_extreme:infected_police":1,"lycanitesmobs:geonach":31,"zombie_extreme:fetus":1,"minecraft:evoker":1,"lycanitesmobs:banshee":5,"lycanitesmobs:reaper":10,"minecraft:vindicator":2,"zombienation:zombie_2":2,"lycanitesmobs:darkling":1,"zombienation:zombie_6":5,"zombienation:zombie_5":4,"bloodandmadness:brainsucker":1,"mowziesmobs:ferrous_wroughtnaut":1,"lycanitesmobs:ent":21,"zombienation:zombie_1":9,"forestcraft:worm":7,"zombie_extreme:runner":4,"zombie_extreme:boomer":5,"zombie_extreme:infected_military":1,"lycanitesmobs:grue":6,"born_in_chaos_v1:baby_skeleton":1,"lycanitesmobs:barghest":2,"born_in_chaos_v1:decrepit_skeleton":3,"divinerpg:miner":1,"lycanitesmobs:chupacabra":11,"zombienation:zombie_3":5,"lycanitesmobs:jengu":1,"zombienation:zombie_4":2,"iceandfire:ice_dragon":1,"mca:female_villager":1,"lycanitesmobs:afrit":6,"lycanitesmobs:jabberwock":2,"lycanitesmobs:reiver":15,"minecraft:wither_skeleton":1},"minecraft:killed_by":{"minecraft:evoker":1,"minecraft:piglin_brute":4,"zombie_extreme:night_hunter":1,"zombie_extreme:infected_military":1,"iceandfire:ice_dragon":1,"lycanitesmobs:afrit":2,"minecraft:blaze":1,"zombienation:zombie_3":1,"the_arcaneum:eyeclops":7,"zombienation:zombie_4":1,"undead_expansion:haunter":1,"minecraft:player":1,"minecraft:iron_golem":1,"lycanitesmobs:chupacabra":1,"mowziesmobs:ferrous_wroughtnaut":4,"lycanitesmobs:reiver":9,"lycanitesmobs:geonach":1,"lycanitesmobs:barghest":1,"lycanitesmobs:grue":2,"lycanitesmobs:vapula":1,"zombienation:zombie_8":1,"lycanitesmobs:wraamon":1},"minecraft:custom":{"lootr:looted_stat":27,"minecraft:interact_with_crafting_table":72,"minecraft:bell_ring":1,"minecraft:leave_game":63,"minecraft:time_since_death":17950,"minecraft:sprint_one_cm":2519710,"minecraft:drop":410,"minecraft:talked_to_villager":3,"minecraft:deaths":54,"tombstone:tomb_raiding":2,"minecraft:jump":6338,"minecraft:interact_with_brewingstand":1,"minecraft:walk_on_water_one_cm":66298,"minecraft:interact_with_furnace":138,"minecraft:traded_with_villager":11,"minecraft:play_one_minute":1677342,"minecraft:sleep_in_bed":34,"tombstone:sneak_grave":13,"minecraft:damage_dealt":76128,"minecraft:player_kills":12,"minecraft:crouch_one_cm":263768,"tombstone:undead_killed":75,"tombstone:villager_killed":1,"minecraft:horse_one_cm":2754,"minecraft:interact_with_anvil":4,"minecraft:mob_kills":265,"minecraft:climb_one_cm":215303,"minecraft:walk_one_cm":2425487,"minecraft:damage_dealt_absorbed":560,"minecraft:sneak_time":105791,"minecraft:walk_under_water_one_cm":31298,"tombstone:raider_killed":7,"minecraft:time_since_rest":2824,"minecraft:damage_taken":31848,"minecraft:swim_one_cm":8424,"minecraft:fly_one_cm":709027,"minecraft:open_chest":696,"minecraft:fall_one_cm":246341},"minecraft:used":{"gobber2:gobber2_goo":1,"minecraft:ladder":72,"trashcans:item_trash_can":1,"minecraft:chest":88,"minecraft:iron_sword":248,"minecraft:stone":73,"minecraft:carrot":2,"minecraft:obsidian":1,"minecraft:lava_bucket":5,"minecraft:lantern":2,"gobber2:gobber2_hammer":939,"byg:fir_log":155,"carryon:tile_item":7,"minecraft:beetroot_seeds":22,"byg:green_apple":1,"gobber2:gobber2_pickaxe":778,"minecraft:mossy_stone_bricks":1,"minecraft:diorite":12,"the_arcaneum:conglomerate_ore":5,"minecraft:blue_bed":2,"epicfight:iron_longsword":14,"minecraft:diamond_axe":186,"tconstruct:copper_ore":4,"minecraft:sponge":2,"epicfight:iron_tachi":515,"byg:orange_oak_sapling":1,"minecraft:bread":124,"mtmechs:ta_whole_item":3,"minecraft:gravel":1,"minecraft:andesite":19,"minecraft:air":12,"minecraft:bone_meal":30,"gobber2:gobber2_paxel":1030,"byg:aspen_log":26,"minecraft:torch":1354,"minecraft:dirt":194,"minecraft:anvil":1,"byg:pink_anemone":1,"minecraft:spruce_fence":2,"minecraft:iron_hoe":192,"minecraft:iron_axe":88,"carryon:entity_item":5,"goblinsanddungeons:scoria":32,"byg:skyris_log":360,"gobber2:gobber2_seed":651,"gobber2:gobber2_sword":861,"tombstone:gift":8,"torchmaster:megatorch":4,"minecraft:water_bucket":29,"byg:fir_crafting_table":1,"minecraft:cobblestone_stairs":1,"minecraft:rabbit":2,"lycanitesmobs:raw_chupacabra_meat":2,"minecraft:polished_andesite":6,"byg:rocky_stone":4,"minecraft:mossy_cobblestone":6,"minecraft:spruce_log":594,"byg:skyris_door":10,"forestcraft:deep_rock":5,"minecraft:diamond_pickaxe":64,"byg:skyris_planks":409,"minecraft:iron_pickaxe":2559,"byg:soapstone":6,"minecraft:cobblestone":850,"minecraft:purple_bed":2,"byg:scoria_cobblestone":1,"byg:pine_log":204,"travelersbackpack:standard":27,"minecraft:bucket":37,"byg:skyris_sapling":15},"minecraft:dropped":{"minecraft:porkchop":2,"minecraft:oak_log":3,"minecraft:chorus_fruit":1,"byg:pine_log":6,"gobber2:gobber2_sword":2,"minecraft:leather":6,"minecraft:saddle":2,"travelersbackpack:standard":4,"artifacts:vampiric_glove":1,"zombie_extreme:rotten_apple":3,"minecraft:flint":7,"minecraft:cobblestone_stairs":1,"mtmechs:iron_wrench_item":1,"undead_expansion:ectoplasm":2,"minecraft:dirt":93,"minecraft:ice":2,"minecraft:snowball":12,"minecraft:gold_nugget":26,"minecraft:phantom_membrane":3,"epicfight:iron_tachi":1,"minecraft:iron_pickaxe":6,"byg:scoria_cobblestone":129,"bountifulbaubles:magic_mirror":1,"mtmechs:magicite_item":90,"the_arcaneum:eyeclops_eye":2,"minecraft:bone":3,"gobber2:gobber2_paxel":2,"minecraft:gravel":227,"minecraft:iron_nugget":40,"minecraft:beetroot":1,"minecraft:rotten_flesh":17,"iceandfire:copper_ore":1,"forestcraft:deep_rock":238,"zombie_extreme:raw_steel":2,"byg:skyris_sapling":15,"byg:skyris_log":60,"gobber2:gobber2_ore":2,"byg:rocky_stone":107,"bloodandmadness:coldblood_dew":253,"minecraft:leather_boots":2,"vampirism:hunter_axe_ultimate":1,"lycanitesmobs:equipmentpart_geonachspear":1,"minecraft:iron_ore":63,"minecraft:quartz":14,"minecraft:water_bucket":2,"minecraft:bread":41,"gobber2:gobber2_ingot":33,"minecraft:wheat_seeds":35,"byg:pine_sapling":3,"minecraft:mossy_cobblestone":19,"minecraft:cobblestone":4928,"zombie_extreme:cloth":1,"minecraft:granite":312,"byg:fir_sapling":21,"minecraft:coal":73,"lycanitesmobs:raw_chupacabra_meat":6,"mowziesmobs:wrought_axe":1,"minecraft:stick":129,"born_in_chaos_v1:black_argillite":52,"minecraft:diorite":270,"goblinsanddungeons:scoria":243,"minecraft:torch":97,"byg:soapstone":482,"tconstruct:copper_ore":92,"tombstone:grave_dust":2,"minecraft:iron_leggings":1,"minecraft:iron_axe":1,"artifacts:feral_claws":3,"minecraft:bucket":1,"artifacts:digging_claws":2,"minecraft:spruce_sapling":59,"minecraft:redstone":6,"the_arcaneum:conglomerate_ore":25,"byg:skyris_planks":69,"minecraft:iron_boots":1,"byg:pink_anemone":2,"minecraft:totem_of_undying":1,"minecraft:pumpkin_seeds":4,"minecraft:diamond_sword":1,"minecraft:stone":71,"minecraft:shield":1,"minecraft:diamond_chestplate":3,"minecraft:andesite":184,"byg:aspen_sapling":1,"minecraft:iron_chestplate":1,"the_arcaneum:ruby_tools_sword":1,"minecraft:diamond_pickaxe":1,"gobber2:gobber2_pickaxe":1,"minecraft:diamond_boots":2,"zombie_extreme:raw_tin":13,"epicfight:skillbook":1,"lycanitesmobs:stablesummoningstaff":2},"minecraft:mined":{"minecraft:spruce_planks":21,"minecraft:farmland":4,"byg:white_sage":4,"minecraft:cobblestone_stairs":2,"minecraft:spruce_trapdoor":6,"byg:cattail":1,"minecraft:granite":60,"minecraft:grass_block":162,"gobber2:gobber2_lucky_block":6,"byg:skyris_log":364,"the_arcaneum:conglomerate_ore":8,"minecraft:coal_block":52,"minecraft:spawner":5,"gobber2:gobber2_ore":18,"minecraft:iron_ore":351,"minecraft:fire":5,"zombie_extreme:ore_steel":4,"byg:indigo_jacaranda_leaves":1,"byg:fir_leaves":6,"gobber2:gobber2_plant":459,"minecraft:torch":24,"minecraft:poppy":17,"minecraft:chest":13,"iceandfire:sapphire_ore":2,"forestcraft:deep_rock":72,"minecraft:cobblestone":114,"bloodandmadness:mercury_soaked_stone":1,"minecraft:sugar_cane":5,"minecraft:wall_torch":47,"byg:pink_anemone":8,"byg:soapstone":537,"minecraft:wheat":3,"zombie_extreme:ore_ruby":7,"byg:overgrown_stone":378,"minecraft:stone_brick_stairs":2,"minecraft:grass":86,"byg:skyris_planks":18,"minecraft:beetroots":20,"minecraft:dirt":239,"byg:aspen_leaves":2,"ob_core:platinum_ore":5,"minecraft:oak_leaves":4,"farlanders:endumium_ore":2,"minecraft:diamond_ore":19,"byg:scoria_cobblestone":1,"lycanitesmobs:icefire":5,"iceandfire:silver_ore":14,"minecraft:mossy_cobblestone":27,"iceandfire:frozen_cobblestone":19,"born_in_chaos_v1:infected_diamond_ore":3,"torchmaster:megatorch":2,"iceandfire:frozen_stone":25,"minecraft:spruce_fence":2,"born_in_chaos_v1:black_argillite":51,"byg:aspen_log":26,"zombie_extreme:ore_titan":1,"minecraft:spruce_leaves":72,"byg:stripped_skyris_log":1,"morevillagers:woodworking_table":1,"minecraft:large_fern":25,"minecraft:redstone_ore":70,"zombie_extreme:ore_lead":1,"minecraft:andesite":52,"lycanitesmobs:frostfire":84,"minecraft:bookshelf":3,"minecraft:vine":1,"byg:rocky_stone":21,"minecraft:bamboo":2,"minecraft:stone":2610,"tconstruct:copper_ore":21,"zombie_extreme:ore_aluminum":2,"minecraft:glass_pane":4,"lycanitesmobs:shadowfire":15,"minecraft:dandelion":6,"travelersbackpack:standard":1,"goblinsanddungeons:scoria":52,"minecraft:tall_grass":1,"minecraft:diorite":95,"minecraft:blue_bed":1,"minecraft:air":12,"minecraft:purple_bed":2,"byg:scoria_stone":33,"zombie_extreme:ore_tin":5,"minecraft:spruce_log":588,"minecraft:sweet_berry_bush":6,"byg:short_grass":2,"minecraft:grass_path":44,"byg:pine_log":204,"minecraft:coal_ore":207,"byg:skyris_vine":1,"minecraft:gravel":227,"minecraft:cobweb":1,"byg:fir_log":152,"minecraft:polished_andesite":10,"lycanitesmobs:scorchfire":24,"minecraft:mossy_stone_bricks":1,"minecraft:gold_ore":23,"minecraft:fern":163},"minecraft:picked_up":{"lycanitesmobs:quillcharge":1,"lycanitesmobs:raw_chupacabra_meat":19,"minecraft:wheat":3,"iceandfire:copper_ore":4,"minecraft:lead":2,"minecraft:stone_brick_stairs":1,"born_in_chaos_v1:black_argillite":111,"iceandfire:armor_silver_metal_chestplate":1,"minecraft:lapis_block":1,"gobber2:gobber2_seed":1214,"lycanitesmobs:equipmentpart_geonachspear":4,"minecraft:string":4,"lycanitesmobs:raw_aspid_meat":1,"the_arcaneum:conglomerate_ore":32,"mtmechs:ta_whole_item":2,"lycanitesmobs:equipmentpart_geonachfist":4,"minecraft:beetroot":20,"byg:pine_log":181,"minecraft:gold_nugget":116,"minecraft:bucket":2,"lycanitesmobs:immunizer":1,"minecraft:spruce_planks":22,"gobber2:gobber2_paxel":2,"lycanitesmobs:raw_bobeko_meat":10,"minecraft:ender_eye":1,"minecraft:iron_pickaxe":4,"minecraft:coal_block":57,"zombie_extreme:police_suit_helmet":1,"byg:fir_sapling":51,"zombie_extreme:ruby":7,"zombie_extreme:raw_aluminum":4,"minecraft:stick":197,"born_in_chaos_v1:shattered_skull":2,"minecraft:torch":277,"iceandfire:silver_ore":13,"epicfight:skillbook":4,"minecraft:porkchop":2,"tombstone:grave_dust":22,"minecraft:diorite":377,"minecraft:vine":3,"byg:aspen_sapling":2,"bountifulbaubles:magic_mirror":1,"byg:pine_sapling":16,"the_arcaneum:eyeclops_eye":3,"minecraft:rotten_flesh":35,"zombie_extreme:rotten_apple":10,"lycanitesmobs:stablesummoningstaff":1,"byg:skyris_planks":16,"lycanitesmobs:equipmentpart_bansheeeye":2,"minecraft:blaze_rod":4,"minecraft:obsidian":17,"bloodandmadness:blood_stone_shard":1,"minecraft:snowball":84,"minecraft:cobblestone":8927,"lycanitesmobs:lifedraincharge":4,"iceandfire:sapphire_gem":2,"minecraft:feather":2,"minecraft:magma_cream":3,"minecraft:water_bucket":1,"minecraft:andesite":276,"minecraft:flint":32,"lycanitesmobs:icefireballcharge":3,"gobber2:gobber2_gooey_bread_nether":2,"minecraft:wither_skeleton_skull":1,"gobber2:gobber2_ore":29,"ob_core:platinum_raw":16,"lycanitesmobs:frostwebcharge":1,"minecraft:lapis_lazuli":120,"minecraft:dirt":485,"minecraft:lantern":2,"minecraft:leather_boots":2,"byg:white_sage":4,"mtmechs:magicite_item":128,"minecraft:bone":63,"forestcraft:sky_fragment":3,"gobber2:gobber2_gooey_beef":2,"minecraft:wheat_seeds":78,"vampirism:item_garlic":14,"lycanitesmobs:poisongland":6,"gobber2:gobber2_globette":436,"minecraft:mossy_stone_bricks":1,"minecraft:bamboo":13,"minecraft:rabbit":2,"minecraft:glowstone_dust":2,"minecraft:oak_planks":3,"lycanitesmobs:spectralboltcharge":20,"lycanitesmobs:frostboltcharge":28,"torchmaster:megatorch":2,"mtmechs:ta_stack_item":1,"lycanitesmobs:equipmentpart_reiverhorns":2,"undead_expansion:spawner_shard":4,"minecraft:mossy_cobblestone":25,"minecraft:polished_andesite":5,"lycanitesmobs:scorchfireballcharge":12,"byg:aspen_log":22,"byg:pink_anemone":8,"minecraft:diamond":34,"the_arcaneum:ruby_tools_sword":1,"minecraft:granite":370,"minecraft:emerald":13,"gobber2:gobber2_sword":1,"minecraft:chorus_fruit":3,"gobber2:gobber2_goo":1,"endrem:magical_eye":1,"byg:soapstone":694,"minecraft:packed_ice":2,"zombie_extreme:raw_tin":18,"byg:stripped_skyris_log":1,"morevillagers:woodworking_table":1,"iceandfire:frozen_cobblestone":19,"undead_expansion:ectoplasm":9,"iceandfire:frozen_stone":25,"artifacts:feral_claws":1,"minecraft:iron_nugget":171,"undead_expansion:rotting_arm":1,"minecraft:poppy":21,"minecraft:sugar_cane":9,"minecraft:chest":14,"minecraft:spruce_trapdoor":6,"minecraft:phantom_membrane":15,"iceandfire:ice_dragon_heart":1,"iceandfire:dragonbone":12,"undead:zombiecowmuscle":2,"minecraft:stone":204,"lycanitesmobs:frostyfur":3,"minecraft:bowl":2,"minecraft:spruce_fence":2,"byg:green_apple":274,"born_in_chaos_v1:pieceofdarkmetal":1,"minecraft:carrot":5,"minecraft:redstone":359,"iceandfire:dragon_skull_ice":1,"zombie_extreme:raw_titan":1,"lycanitesmobs:aquapulsecharge":2,"born_in_chaos_v1:diamond_thermite_shard":6,"forestcraft:deep_rock":228,"minecraft:beetroot_seeds":47,"minecraft:pumpkin_pie":4,"gobber2:gobber2_gooey_beef_nether":1,"iceandfire:dragonscales_silver":14,"lycanitesmobs:chaosorbcharge":2,"byg:fir_log":151,"minecraft:totem_of_undying":2,"byg:rocky_stone":125,"gobber2:gobber2_ingot":3,"minecraft:leather":12,"gobber2:gobber2_gooey_beefstew":1,"majruszs_accessories:lucky_rock":1,"minecraft:ice":29,"minecraft:oak_log":27,"divinerpg:rupee_ingot":1,"minecraft:cobblestone_stairs":5,"mowziesmobs:wrought_axe":1,"minecraft:blue_bed":2,"minecraft:paper":1,"zombie_extreme:raw_steel":6,"zombie_extreme:raw_lead":4,"byg:scoria_cobblestone":141,"bloodandmadness:quicksilver_bullet":2,"minecraft:apple":1,"minecraft:stone_bricks":1,"bloodandmadness:raw_quicksilver":1,"gobber2:gobber2_pickaxe":1,"alexsmobs:cockroach_wing_fragment":1,"lycanitesmobs:crystalshardcharge":32,"minecraft:iron_ingot":1,"byg:skyris_sapling":68,"minecraft:iron_ore":563,"farlanders:endumium_crystal":2,"zombie_extreme:cloth":1,"minecraft:glass_bottle":2,"goblinsanddungeons:scoria":306,"minecraft:soul_sand":6,"minecraft:book":9,"tconstruct:copper_ore":112,"minecraft:sweet_berries":13,"minecraft:dandelion":4,"minecraft:quartz":140,"lycanitesmobs:equipmentpart_grueclaw":2,"minecraft:gravel":321,"mowziesmobs:wrought_helmet":1,"minecraft:spruce_sapling":161,"minecraft:spruce_log":509,"minecraft:gold_ore":25,"vampirism:hunter_axe_ultimate":1,"minecraft:spider_eye":2,"minecraft:spruce_door":1,"byg:skyris_log":293,"travelersbackpack:standard":4,"minecraft:pumpkin_seeds":23,"bloodandmadness:coldblood_dew":992,"minecraft:purple_bed":2,"minecraft:slime_ball":8,"the_arcaneum:shadowplasm":1,"lycanitesmobs:equipmentpart_reaperclaw":1,"minecraft:iron_helmet":3,"minecraft:diamond_axe":1,"iceandfire:ice_dragon_flesh":1,"minecraft:melon_seeds":12,"minecraft:coal":451,"gobber2:gobber2_goo_nether":1,"minecraft:ender_pearl":10}},"DataVersion":2586}