{"stats":{"minecraft:killed_by":{"minecraft:piglin_brute":4,"minecraft:vindicator":7,"zombie_extreme:infected_military":1,"lycanitesmobs:afrit":2,"zombienation:zombie_3":2,"the_arcaneum:eyeclops":7,"zombienation:zombie_4":1,"undead_expansion:haunter":1,"lycanitesmobs:cinder":2,"stalwart_dungeons:incomplete_wither":1,"minecraft:vex":7,"lycanitesmobs:chupacabra":4,"lycanitesmobs:remobra":1,"lycanitesmobs:barghest":1,"bloodandmadness:brainsucker":1,"minecraft:wither":1,"zombienation:zombie_8":1,"minecraft:evoker":3,"zombie_extreme:night_hunter":1,"iceandfire:ice_dragon":1,"minecraft:blaze":1,"farlanders:looter":1,"stalwart_dungeons:reinforced_blaze":1,"minecraft:player":9,"minecraft:iron_golem":1,"mowziesmobs:ferrous_wroughtnaut":4,"lycanitesmobs:reiver":10,"lycanitesmobs:geonach":1,"lycanitesmobs:grue":2,"lycanitesmobs:vapula":1,"lycanitesmobs:wraamon":1},"minecraft:broken":{"minecraft:iron_boots":3,"minecraft:iron_chestplate":2,"minecraft:iron_leggings":2,"minecraft:wooden_sword":1,"epicfight:iron_tachi":2,"minecraft:iron_axe":1,"minecraft:iron_pickaxe":10,"minecraft:iron_helmet":3},"minecraft:crafted":{"minecraft:glass":22,"torchmaster:megatorch":3,"gobber2:gobber2_ingot":123,"gobber2:gobber2_glob_nether":22,"minecraft:diamond_axe":6,"epicfight:iron_longsword":1,"ob_core:platinum_ingot":16,"minecraft:iron_pickaxe":9,"minecraft:iron_block":9,"minecraft:gold_ingot":89,"lycanitesmobs:summoningstaff":1,"byg:fir_bookshelf":32,"minecraft:birch_log":60,"mca:bouquet":4,"minecraft:bone_meal":30,"travelersbackpack:magma_cube":4,"gobber2:gobber2_glob":104,"minecraft:ladder":84,"byg:fir_crafting_table":1,"mca:engagement_ring":1,"gobber2:gobber2_seed":8,"lycanitesmobs:boulderblastcharge":24,"byg:skyris_planks":960,"epicfight:iron_tachi":3,"minecraft:iron_leggings":2,"gobber2:gobber2_leggings":1,"minecraft:stone":203,"gobber2:gobber2_chestplate":1,"byg:pine_planks":188,"lycanitesmobs:stablesummoningstaff":1,"minecraft:iron_boots":2,"minecraft:chest":111,"byg:fir_planks":648,"zombie_extreme:ignot_aluminum":4,"zombie_extreme:ignotlead":4,"minecraft:spruce_planks":120,"minecraft:iron_helmet":2,"minecraft:gold_block":5,"minecraft:iron_chestplate":2,"minecraft:diamond_pickaxe":1,"minecraft:emerald_block":2,"minecraft:stick":632,"minecraft:iron_ingot":495,"armoroftheages:bamboo_hat":1,"minecraft:shears":1,"minecraft:wooden_sword":3,"minecraft:spruce_log":6,"minecraft:coal":270,"zombie_extreme:ignotsteel":5,"minecraft:iron_hoe":1,"zombie_extreme:ignot_titan":1,"trashcans:item_trash_can":1,"zombie_extreme:ignot_tin":3,"iceandfire:copper_ingot":3,"iceandfire:silver_ingot":13,"minecraft:spruce_sign":3,"minecraft:iron_sword":3,"minecraft:bucket":12,"minecraft:air":0,"minecraft:anvil":3,"minecraft:torch":1532},"minecraft:mined":{"byg:white_sage":4,"divinerpg:realmite_ore":3,"minecraft:obsidian":4,"minecraft:granite":98,"byg:skyris_log":517,"the_arcaneum:conglomerate_ore":12,"minecraft:coal_block":52,"lycanitesmobs:hellfire":22,"minecraft:spawner":5,"gobber2:gobber2_ore":18,"minecraft:magma_block":5,"minecraft:fire":24,"zombie_extreme:ore_steel":4,"minecraft:enchanting_table":1,"minecraft:oak_stairs":4,"gobber2:gobber2_plant":624,"minecraft:magenta_carpet":2,"minecraft:kelp_plant":4,"minecraft:crimson_nylium":4,"minecraft:soul_fire":13,"minecraft:torch":37,"divinerpg:torridite_ore":2,"forestcraft:deep_rock":108,"iceandfire:sapphire_ore":2,"minecraft:sugar_cane":5,"byg:pink_anemone":8,"byg:soapstone":540,"minecraft:wheat":4,"zombie_extreme:ore_ruby":7,"minecraft:jukebox":2,"minecraft:wither_rose":2,"minecraft:stone_brick_stairs":2,"minecraft:grass":97,"ob_core:platinum_ore":5,"farlanders:endumium_ore":2,"iceandfire:silver_ore":15,"minecraft:mossy_cobblestone":28,"minecraft:nether_bricks":28,"minecraft:spruce_fence":8,"born_in_chaos_v1:black_argillite":61,"byg:aspen_log":26,"minecraft:kelp":5,"minecraft:redstone_ore":70,"graveyard:tg_moss_block":8,"zombie_extreme:ore_lead":2,"travelersbackpack:magma_cube":5,"minecraft:andesite":66,"lycanitesmobs:frostfire":84,"minecraft:vine":1,"byg:rocky_stone":33,"minecraft:bamboo":2,"minecraft:white_wool":1,"tconstruct:copper_ore":26,"minecraft:glass_pane":4,"minecraft:soul_sand":37,"minecraft:dandelion":6,"minecraft:campfire":1,"minecraft:tall_grass":2,"minecraft:diorite":111,"minecraft:purple_wool":3,"minecraft:purple_bed":2,"byg:scoria_stone":44,"zombie_extreme:ore_tin":5,"minecraft:cobblestone_wall":20,"minecraft:spruce_log":712,"graveyard:moss_block":14,"byg:pine_log":204,"byg:skyris_vine":1,"minecraft:gravel":235,"minecraft:cobweb":6,"byg:fir_log":152,"lycanitesmobs:scorchfire":78,"minecraft:gold_ore":24,"minecraft:fern":175,"minecraft:spruce_planks":26,"minecraft:farmland":7,"minecraft:cobblestone_stairs":2,"byg:cattail":3,"minecraft:spruce_trapdoor":13,"minecraft:grass_block":582,"gobber2:gobber2_lucky_block":6,"minecraft:soul_soil":10,"minecraft:iron_ore":358,"byg:indigo_jacaranda_leaves":1,"minecraft:iron_bars":2,"minecraft:purple_carpet":1,"byg:fir_leaves":7,"gobber2:gobber2_plant_nether":526,"dead_guys_untitled_deep_dark_:cold_sculk":6,"minecraft:blackstone":1,"minecraft:clay":1,"minecraft:poppy":17,"minecraft:chest":14,"minecraft:cobblestone":160,"bloodandmadness:mercury_soaked_stone":1,"minecraft:oak_planks":5,"minecraft:wall_torch":52,"byg:pine_planks":6,"byg:overgrown_stone":444,"byg:skyris_planks":18,"minecraft:beetroots":20,"minecraft:sand":2,"minecraft:dirt":529,"byg:aspen_leaves":2,"minecraft:netherrack":21,"infernalexp:buried_bone":2,"minecraft:oak_leaves":4,"minecraft:diamond_ore":19,"byg:scoria_cobblestone":1,"lycanitesmobs:icefire":31,"iceandfire:frozen_cobblestone":19,"born_in_chaos_v1:infected_diamond_ore":3,"torchmaster:megatorch":2,"iceandfire:frozen_stone":25,"zombie_extreme:ore_titan":1,"minecraft:spruce_leaves":118,"byg:stripped_skyris_log":3,"morevillagers:woodworking_table":2,"minecraft:crimson_stem":5,"minecraft:large_fern":48,"minecraft:stripped_spruce_log":28,"minecraft:bookshelf":243,"minecraft:stone":2981,"zombie_extreme:ore_aluminum":2,"byg:orange_oak_leaves":4,"lycanitesmobs:doomfire":3,"lycanitesmobs:shadowfire":15,"minecraft:basalt":13,"travelersbackpack:standard":1,"goblinsanddungeons:scoria":55,"minecraft:crafting_table":1,"minecraft:lapis_ore":3,"minecraft:blue_bed":1,"minecraft:air":19,"minecraft:sweet_berry_bush":6,"byg:short_grass":2,"minecraft:grass_path":232,"minecraft:coal_ore":220,"minecraft:polished_andesite":10,"minecraft:mossy_stone_bricks":1},"minecraft:custom":{"minecraft:interact_with_crafting_table":109,"minecraft:bell_ring":2,"minecraft:leave_game":87,"minecraft:time_since_death":83286,"minecraft:damage_blocked_by_shield":2411,"minecraft:deaths":91,"tombstone:tomb_raiding":2,"minecraft:jump":10712,"tombstone:kill_undead_boss":3,"minecraft:enchant_item":166,"minecraft:interact_with_furnace":152,"minecraft:play_record":5,"minecraft:traded_with_villager":11,"minecraft:sleep_in_bed":69,"tombstone:sneak_grave":14,"minecraft:damage_dealt":195807,"tombstone:undead_killed":132,"minecraft:horse_one_cm":5340,"minecraft:interact_with_smithing_table":4,"minecraft:interact_with_anvil":77,"minecraft:damage_dealt_absorbed":1313,"minecraft:sneak_time":155913,"tombstone:raider_killed":35,"minecraft:tune_noteblock":25,"minecraft:time_since_rest":70478,"minecraft:swim_one_cm":30225,"minecraft:fly_one_cm":1682449,"minecraft:open_chest":1230,"minecraft:fall_one_cm":376006,"lootr:looted_stat":69,"minecraft:damage_resisted":4,"minecraft:sprint_one_cm":4297989,"minecraft:drop":674,"minecraft:talked_to_villager":4,"minecraft:interact_with_brewingstand":1,"minecraft:walk_on_water_one_cm":78662,"minecraft:play_one_minute":2557190,"minecraft:player_kills":31,"minecraft:crouch_one_cm":453154,"tombstone:villager_killed":1,"minecraft:mob_kills":592,"minecraft:climb_one_cm":227454,"minecraft:walk_one_cm":3679297,"minecraft:walk_under_water_one_cm":168694,"minecraft:damage_taken":57910,"minecraft:damage_absorbed":3700},"minecraft:picked_up":{"lycanitesmobs:quillcharge":1,"iceandfire:copper_ore":4,"minecraft:magenta_carpet":2,"minecraft:lead":2,"minecraft:oak_stairs":4,"minecraft:wither_rose":13,"minecraft:enchanted_book":3,"gobber2:gobber2_chestplate_nether":2,"lycanitesmobs:equipmentpart_wraithskull":2,"minecraft:music_disc_cat":3,"lycanitesmobs:equipmentpart_geonachspear":5,"minecraft:string":18,"gobber2:gobber2_seed":1999,"minecraft:soul_soil":55,"byg:winter_succulent":2,"lycanitesmobs:raw_aspid_meat":1,"gobber2:gobber2_sword_nether":4,"mtmechs:ta_whole_item":2,"lycanitesmobs:equipmentpart_geonachfist":4,"minecraft:beetroot":20,"byg:pine_log":181,"minecraft:gold_nugget":323,"lycanitesmobs:immunizer":6,"minecraft:spruce_planks":27,"endrem:wither_eye":4,"minecraft:coal_block":57,"zombie_extreme:ruby":7,"byg:fir_sapling":51,"zombie_extreme:raw_aluminum":4,"gobber2:gobber2_ingot_nether":42,"born_in_chaos_v1:shattered_skull":2,"minecraft:jukebox":2,"iceandfire:silver_ore":19,"divinerpg:realmite_ore":8,"byg:cattail":1,"bountifulbaubles:magic_mirror":2,"the_arcaneum:eyeclops_eye":3,"artifacts:lucky_scarf":1,"zombie_extreme:rotten_apple":14,"lycanitesmobs:stablesummoningstaff":3,"lycanitesmobs:equipmentpart_bansheeeye":5,"minecraft:blaze_rod":232,"minecraft:iron_bars":3,"minecraft:snowball":221,"iceandfire:sapphire_gem":2,"minecraft:magma_block":45,"minecraft:feather":3,"lycanitesmobs:venomshotcharge":8,"minecraft:water_bucket":3,"minecraft:flint":40,"gobber2:gobber2_gooey_bread_nether":2,"lycanitesmobs:frostwebcharge":4,"travelersbackpack:gold_tier_upgrade":1,"ob_core:platinum_raw":16,"minecraft:lantern":5,"gobber2:gobber2_bow_nether":5,"gobber2:gobber2_helmet":1,"minecraft:purple_carpet":2,"byg:white_sage":5,"stalwart_dungeons:blaze_armor_scrap":111,"gobber2:gobber2_paxel_nether":3,"gobber2:gobber2_globette":602,"artifacts:antidote_vessel":1,"minecraft:rabbit":2,"minecraft:glowstone_dust":2,"gobber2:gobber2_medallion_exp":1,"the_arcaneum:corrupt_horror_eye":2,"mtmechs:ta_stack_item":1,"minecraft:stripped_spruce_log":16,"minecraft:polished_andesite":5,"lycanitesmobs:scorchfireballcharge":119,"byg:pink_anemone":8,"byg:aspen_log":22,"the_arcaneum:ruby_tools_sword":1,"minecraft:granite":694,"gobber2:gobber2_sword":1,"byg:pine_planks":6,"minecraft:crafting_table":1,"minecraft:coarse_dirt":1,"minecraft:purple_wool":3,"iceandfire:witherbone":4,"minecraft:nether_wart":24,"minecraft:clay_ball":4,"zombie_extreme:raw_tin":22,"morevillagers:woodworking_table":2,"majruszs_accessories:giant_seed":3,"tombstone:scroll_of_preservation":1,"iceandfire:frozen_grass":10,"iceandfire:frozen_splinters":6,"lycanitesmobs:embercharge":44,"lycanitesmobs:equipmentpart_cherufecore":1,"riskofrainmod:tougher_times":1,"minecraft:iron_nugget":358,"minecraft:poppy":21,"minecraft:chest":15,"byg:orange_oak_sapling":1,"minecraft:stone":220,"minecraft:spruce_fence":9,"the_arcaneum:abomination_goo":1,"born_in_chaos_v1:pieceofdarkmetal":1,"minecraft:carrot":8,"minecraft:redstone":471,"iceandfire:dragon_skull_ice":2,"lycanitesmobs:aquapulsecharge":2,"born_in_chaos_v1:diamond_thermite_shard":6,"forestcraft:deep_rock":558,"minecraft:beetroot_seeds":47,"gobber2:gobber2_gooey_beef_nether":1,"iceandfire:dragonscales_silver":14,"lycanitesmobs:chaosorbcharge":6,"tombstone:essence_of_undeath":3,"minecraft:gold_ingot":36,"minecraft:totem_of_undying":8,"minecraft:white_wool":5,"majruszs_accessories:lucky_rock":2,"minecraft:oak_log":70,"bountifulbaubles:shield_cobalt":1,"mowziesmobs:wrought_axe":1,"divinerpg:torridite_ore":7,"minecraft:blue_bed":2,"minecraft:paper":2,"zombie_extreme:raw_steel":7,"tombstone:gift":1,"zombie_extreme:raw_lead":7,"bloodandmadness:quicksilver_bullet":2,"minecraft:apple":1,"minecraft:stone_bricks":1,"minecraft:kelp":65,"alexsmobs:cockroach_wing_fragment":1,"minecraft:iron_ore":611,"tombstone:bag_of_seeds":3,"farlanders:endumium_crystal":2,"artifacts:steadfast_spikes":1,"minecraft:glass_bottle":2,"goblinsanddungeons:scoria":350,"tconstruct:copper_ore":133,"minecraft:sweet_berries":13,"lycanitesmobs:equipmentpart_grueclaw":3,"minecraft:gravel":325,"gobber2:gobber2_helmet_nether":2,"minecraft:spruce_sapling":189,"minecraft:spruce_log":626,"vampirism:hunter_axe_ultimate":1,"graveyard:moss_block":14,"travelersbackpack:standard":4,"minecraft:purple_bed":2,"minecraft:slime_ball":14,"minecraft:diamond_axe":1,"iceandfire:ice_dragon_flesh":6,"minecraft:melon_seeds":35,"gobber2:gobber2_goo_nether":1,"minecraft:ender_pearl":32,"the_arcaneum:gruk":1,"lycanitesmobs:raw_chupacabra_meat":29,"minecraft:wheat":5,"minecraft:stone_brick_stairs":1,"iceandfire:armor_silver_metal_chestplate":1,"born_in_chaos_v1:black_argillite":165,"minecraft:lapis_block":1,"the_arcaneum:conglomerate_ore":43,"minecraft:bucket":4,"lycanitesmobs:raw_bobeko_meat":29,"gobber2:gobber2_paxel":2,"artifacts:aqua_dashers":1,"minecraft:ender_eye":3,"minecraft:iron_pickaxe":9,"iceandfire:frozen_gravel":126,"zombie_extreme:police_suit_helmet":1,"minecraft:stick":293,"minecraft:torch":340,"travelersbackpack:iron_tier_upgrade":1,"iceandfire:dragonscales_white":6,"epicfight:skillbook":12,"travelersbackpack:diamond_tier_upgrade":1,"minecraft:porkchop":2,"tombstone:grave_dust":34,"minecraft:diorite":504,"minecraft:vine":3,"byg:aspen_sapling":2,"byg:pine_sapling":16,"minecraft:rotten_flesh":120,"minecraft:music_disc_ward":1,"byg:skyris_planks":16,"minecraft:obsidian":47,"bloodandmadness:blood_stone_shard":1,"minecraft:blaze_powder":18,"lycanitesmobs:lifedraincharge":14,"minecraft:cobblestone":11770,"minecraft:enchanting_table":1,"minecraft:magma_cream":13,"minecraft:andesite":422,"gobber2:gobber2_leggings":1,"lycanitesmobs:icefireballcharge":6,"minecraft:wither_skeleton_skull":13,"gobber2:gobber2_ore":33,"travelersbackpack:magma_cube":5,"minecraft:lapis_lazuli":636,"minecraft:dirt":1481,"minecraft:leather_boots":2,"mtmechs:magicite_item":128,"minecraft:bone":225,"forestcraft:sky_fragment":7,"forestcraft:sulfur":2,"gobber2:gobber2_gooey_beef":2,"minecraft:wheat_seeds":135,"minecraft:bell":1,"vampirism:item_garlic":14,"lycanitesmobs:poisongland":7,"minecraft:mossy_stone_bricks":1,"minecraft:bamboo":13,"minecraft:oak_planks":7,"lycanitesmobs:spectralboltcharge":74,"minecraft:music_disc_13":1,"lycanitesmobs:equipmentpart_entarm":1,"lycanitesmobs:frostboltcharge":133,"torchmaster:megatorch":2,"lycanitesmobs:equipmentpart_reiverhorns":3,"gobber2:gobber2_chestplate":1,"minecraft:sand":5,"byg:cika_log":6,"undead_expansion:spawner_shard":4,"iceandfire:frozen_dirt":114,"minecraft:mossy_cobblestone":26,"tombstone:familiar_stone":1,"minecraft:diamond":56,"iceandfire:dragon_ice":18,"minecraft:golden_apple":1,"minecraft:spruce_sign":4,"minecraft:emerald":44,"minecraft:netherrack":377,"minecraft:chorus_fruit":3,"iceandfire:silver_nugget":22,"gobber2:gobber2_goo":1,"gobber2:gobber2_boots":3,"minecraft:cocoa_beans":2,"endrem:magical_eye":5,"minecraft:charcoal":2,"byg:soapstone":732,"minecraft:chicken":1,"minecraft:packed_ice":2,"byg:stripped_skyris_log":3,"gobber2:gobber2_boots_nether":2,"iceandfire:frozen_cobblestone":20,"minecraft:brick":2,"undead_expansion:ectoplasm":26,"iceandfire:frozen_stone":25,"minecraft:wooden_sword":1,"artifacts:feral_claws":2,"minecraft:blackstone":3,"undead_expansion:rotting_arm":2,"bossominium:vex_wing":8,"minecraft:sugar_cane":9,"minecraft:phantom_membrane":57,"minecraft:spruce_trapdoor":18,"iceandfire:ice_dragon_heart":2,"iceandfire:dragonbone":19,"undead:zombiecowmuscle":2,"lycanitesmobs:frostyfur":9,"dead_guys_untitled_deep_dark_:cold_deep_stone":1,"minecraft:bowl":2,"artifacts:vampiric_glove":1,"lycanitesmobs:cleansingcrystal":1,"byg:green_apple":444,"gobber2:gobber2_leggings_nether":2,"artifacts:snorkel":1,"gobber2:gobber2_globette_nether":510,"zombie_extreme:raw_titan":2,"minecraft:arrow":62,"minecraft:pumpkin_pie":4,"minecraft:nether_bricks":32,"byg:fir_log":155,"graveyard:tg_moss_block":8,"byg:rocky_stone":212,"minecraft:basalt":24,"minecraft:crimson_stem":4,"gobber2:gobber2_ingot":65,"minecraft:salmon":1,"gobber2:gobber2_gooey_beefstew":1,"minecraft:leather":32,"minecraft:ice":110,"divinerpg:rupee_ingot":1,"undead_expansion:fang_sword":2,"lycanitesmobs:cooked_chupacabra_meat":2,"minecraft:cobblestone_wall":20,"lycanitesmobs:raw_krake_meat":4,"minecraft:gunpowder":33,"minecraft:cobblestone_stairs":5,"tombstone:voodoo_poppet":2,"byg:scoria_cobblestone":216,"divinerpg:rupee_ore":2,"bloodandmadness:raw_quicksilver":19,"gobber2:gobber2_pickaxe":1,"lycanitesmobs:crystalshardcharge":32,"minecraft:iron_ingot":61,"byg:skyris_sapling":102,"zombie_extreme:cloth":2,"minecraft:soul_sand":96,"gobber2:gobber2_hammer":1,"minecraft:book":714,"riskofrainmod:lens_makers_glasses":1,"minecraft:pumpkin":4,"minecraft:quartz":154,"minecraft:dandelion":4,"minecraft:lava_bucket":1,"mowziesmobs:wrought_helmet":1,"minecraft:white_bed":1,"minecraft:gold_ore":30,"minecraft:spruce_door":1,"minecraft:spider_eye":10,"gobber2:gobber2_seed_nether":1693,"byg:skyris_log":440,"minecraft:pumpkin_seeds":44,"bloodandmadness:coldblood_dew":1925,"the_arcaneum:shadowplasm":8,"lycanitesmobs:equipmentpart_reaperclaw":2,"minecraft:iron_helmet":8,"tombstone:magic_scroll":5,"minecraft:damaged_anvil":1,"minecraft:coal":883},"minecraft:used":{"minecraft:ladder":72,"trashcans:item_trash_can":1,"minecraft:chest":115,"byg:pine_planks":6,"minecraft:stone":137,"minecraft:soul_sand":20,"minecraft:stripped_spruce_log":44,"minecraft:lava_bucket":5,"minecraft:music_disc_ward":1,"forestcraft:netherite_lighter":1,"gobber2:gobber2_hammer":1412,"byg:fir_log":155,"minecraft:mossy_stone_bricks":1,"gobber2:gobber2_pickaxe":810,"minecraft:diorite":12,"minecraft:damaged_anvil":1,"gobber2:gobber2_seed_nether":955,"epicfight:iron_longsword":14,"minecraft:golden_apple":1,"minecraft:sand":3,"tconstruct:copper_ore":4,"byg:orange_oak_sapling":1,"minecraft:wooden_sword":59,"travelersbackpack:magma_cube":7,"minecraft:enchanting_table":1,"minecraft:netherrack":34,"minecraft:torch":1684,"minecraft:anvil":3,"byg:pink_anemone":1,"minecraft:iron_axe":88,"carryon:entity_item":7,"minecraft:totem_of_undying":1,"tombstone:gift":8,"torchmaster:megatorch":5,"minecraft:wheat_seeds":1,"minecraft:water_bucket":68,"byg:fir_crafting_table":1,"minecraft:rabbit":2,"lycanitesmobs:raw_chupacabra_meat":2,"byg:rocky_stone":4,"minecraft:mossy_cobblestone":6,"minecraft:crafting_table":1,"minecraft:white_bed":1,"minecraft:spruce_log":707,"byg:skyris_door":10,"forestcraft:deep_rock":5,"minecraft:diamond_pickaxe":64,"byg:skyris_planks":409,"minecraft:iron_pickaxe":2559,"minecraft:spruce_trapdoor":12,"minecraft:cobblestone":929,"minecraft:purple_bed":2,"travelersbackpack:standard":28,"byg:scoria_cobblestone":1,"byg:skyris_sapling":15,"minecraft:kelp":65,"minecraft:jukebox":2,"byg:fir_bookshelf":32,"gobber2:gobber2_goo":1,"minecraft:diamond_hoe":1239,"minecraft:iron_sword":248,"minecraft:bell":1,"gobber2:gobber2_sword_nether":1001,"minecraft:nether_bricks":3,"minecraft:carrot":2,"minecraft:music_disc_13":1,"minecraft:obsidian":71,"minecraft:lantern":5,"gobber2:gobber2_bow_nether":79,"majruszs_difficulty:wither_treasure_bag":1,"minecraft:bedrock":1763,"carryon:tile_item":14,"minecraft:magma_block":4,"minecraft:beetroot_seeds":22,"byg:green_apple":1,"epicfight:skillbook":11,"the_arcaneum:conglomerate_ore":5,"minecraft:diamond_axe":254,"minecraft:blue_bed":2,"gobber2:gobber2_paxel_nether":504,"minecraft:sponge":2,"epicfight:iron_tachi":515,"minecraft:bread":124,"tombstone:grave_key":3,"mtmechs:ta_whole_item":3,"minecraft:gravel":1,"minecraft:andesite":20,"minecraft:air":19,"minecraft:bone_meal":30,"minecraft:experience_bottle":106,"gobber2:gobber2_paxel":2010,"minecraft:spruce_planks":1,"born_in_chaos_v1:black_argillite":13,"byg:aspen_log":26,"minecraft:dirt":936,"minecraft:spruce_fence":5,"minecraft:iron_hoe":192,"goblinsanddungeons:scoria":32,"gobber2:gobber2_seed":1205,"byg:skyris_log":513,"gobber2:gobber2_sword":1035,"minecraft:soul_soil":19,"minecraft:cobblestone_stairs":1,"minecraft:polished_andesite":6,"minecraft:spruce_sign":6,"minecraft:music_disc_cat":3,"tombstone:bag_of_seeds":2,"byg:soapstone":6,"byg:pine_log":204,"minecraft:bucket":88,"minecraft:wither_rose":2},"minecraft:killed":{"minecraft:cave_spider":8,"lycanitesmobs:cephignis":1,"zombie_extreme:night_hunter":5,"lycanitesmobs:roc":6,"divinerpg:the_eye":1,"the_arcaneum:sleep_paralysis_demon":5,"lycanitesmobs:gnekk":4,"bloodandmadness:beast_patient":4,"mutantmore:rodling":1,"zombie_extreme:ram":1,"lycanitesmobs:vapula":6,"mtmechs:tunnelarmor":1,"lycanitesmobs:aegis":5,"zombie_extreme:infected_hazmat":2,"lycanitesmobs:frostweaver":1,"lycanitesmobs:aspid":1,"lycanitesmobs:belphegor":1,"undead_expansion:haunter":22,"zombie_extreme:chainsaw":1,"minecraft:pillager":5,"minecraft:zombie":19,"stalwart_dungeons:incomplete_wither":8,"born_in_chaos_v1:diamond_thermite":9,"lycanitesmobs:cherufe":1,"minecraft:evoker":7,"forestcraft:soul_blaze":1,"minecraft:vindicator":19,"zombienation:zombie_2":2,"lycanitesmobs:darkling":2,"the_arcaneum:abomination":1,"zombienation:zombie_6":5,"mowziesmobs:ferrous_wroughtnaut":1,"lycanitesmobs:ent":26,"zombie_extreme:runner":5,"zombie_extreme:boomer":5,"zombie_extreme:infected_military":2,"lycanitesmobs:grue":7,"lycanitesmobs:barghest":2,"born_in_chaos_v1:decrepit_skeleton":3,"divinerpg:miner":1,"zombienation:zombie_4":3,"iceandfire:ice_dragon":2,"mca:female_villager":1,"lycanitesmobs:jabberwock":2,"lycanitesmobs:krake":1,"minecraft:zombified_piglin":1,"lycanitesmobs:arix":4,"minecraft:spider":1,"lycanitesmobs:spriggan":8,"undead:zombiecow":1,"minecraft:wither":3,"lycanitesmobs:volcan":1,"zombie_extreme:divided":1,"lycanitesmobs:bobeko":3,"minecraft:illusioner":4,"artifacts:mimic":1,"infernalexp:basalt_giant":1,"hmm:freddykrueger":4,"the_arcaneum:grukclu":1,"lycanitesmobs:wraamon":2,"zombienation:chesthead":2,"the_arcaneum:butterfly":1,"born_in_chaos_v1:dread_hound":1,"zombienation:zombie_7":4,"zombienation:zombie_8":4,"lycanitesmobs:argus":1,"zombie_extreme:infected_police":2,"zombie_extreme:devastated":1,"lycanitesmobs:remobra":1,"lycanitesmobs:geonach":33,"zombie_extreme:fetus":2,"divinerpg:hell_pig":1,"minecraft:blaze":1,"lycanitesmobs:tremor":4,"minecraft:vex":5,"lycanitesmobs:banshee":11,"lycanitesmobs:reaper":20,"zombienation:zombie_5":5,"bloodandmadness:brainsucker":1,"lycanitesmobs:cinder":15,"zombienation:zombie_1":12,"forestcraft:worm":7,"born_in_chaos_v1:baby_skeleton":1,"farlanders:looter":1,"zombie_extreme:infected":2,"stalwart_dungeons:reinforced_blaze":92,"lycanitesmobs:salamander":4,"lycanitesmobs:chupacabra":17,"zombienation:zombie_3":10,"lycanitesmobs:jengu":1,"lycanitesmobs:wraith":4,"lycanitesmobs:reiver":29,"minecraft:wither_skeleton":1,"lycanitesmobs:afrit":23},"minecraft:dropped":{"minecraft:porkchop":2,"minecraft:lapis_lazuli":12,"minecraft:chorus_fruit":1,"gobber2:gobber2_sword":2,"minecraft:saddle":2,"zombie_extreme:rotten_apple":3,"mtmechs:iron_wrench_item":1,"undead_expansion:ectoplasm":7,"minecraft:dirt":171,"minecraft:gold_nugget":81,"minecraft:wooden_sword":2,"minecraft:phantom_membrane":4,"byg:cika_log":6,"epicfight:iron_tachi":1,"minecraft:iron_pickaxe":11,"minecraft:purple_wool":3,"bountifulbaubles:magic_mirror":1,"minecraft:bone":7,"minecraft:ancient_debris":32,"lycanitesmobs:embercharge":20,"minecraft:iron_nugget":84,"minecraft:wheat":2,"minecraft:obsidian":32,"minecraft:rotten_flesh":20,"minecraft:oak_planks":4,"minecraft:white_bed":1,"iceandfire:copper_ore":1,"gobber2:gobber2_ore":4,"byg:rocky_stone":166,"bloodandmadness:coldblood_dew":418,"minecraft:leather_boots":2,"lycanitesmobs:equipmentpart_geonachspear":1,"minecraft:enchanted_book":11,"minecraft:iron_ingot":121,"gobber2:gobber2_ingot":75,"minecraft:wheat_seeds":48,"lycanitesmobs:spectralboltcharge":19,"gobber2:gobber2_globette_nether":308,"gobber2:gobber2_paxel_nether":1,"lycanitesmobs:equipmentpart_bansheeeye":1,"minecraft:iron_helmet":5,"minecraft:cobblestone":5698,"zombie_extreme:cloth":2,"minecraft:granite":485,"minecraft:coal":77,"lycanitesmobs:raw_chupacabra_meat":14,"byg:cattail":1,"minecraft:lava_bucket":13,"gobber2:gobber2_chestplate_nether":1,"artifacts:snorkel":1,"born_in_chaos_v1:black_argillite":87,"gobber2:gobber2_seed":448,"minecraft:oak_stairs":4,"mowziesmobs:wrought_helmet":1,"minecraft:string":2,"majruszs_accessories:giant_seed":1,"artifacts:digging_claws":2,"minecraft:spruce_sapling":59,"iceandfire:silver_nugget":22,"tombstone:familiar_stone":1,"minecraft:soul_torch":4,"minecraft:cobblestone_wall":1,"the_arcaneum:conglomerate_ore":27,"gobber2:gobber2_boots":1,"lycanitesmobs:equipmentpart_grueclaw":1,"minecraft:iron_boots":1,"byg:pink_anemone":2,"minecraft:spruce_fence":1,"minecraft:pumpkin_seeds":4,"iceandfire:dragon_ice":2,"minecraft:diamond_sword":1,"minecraft:stone":79,"byg:aspen_sapling":1,"the_arcaneum:ruby_tools_sword":1,"minecraft:diamond_pickaxe":1,"gobber2:gobber2_pickaxe":1,"minecraft:spider_eye":3,"lycanitesmobs:frostboltcharge":11,"minecraft:magma_block":39,"epicfight:skillbook":2,"zombie_extreme:raw_tin":14,"lycanitesmobs:scorchfireballcharge":7,"minecraft:soul_sand":3,"minecraft:oak_log":3,"minecraft:ender_pearl":11,"minecraft:nether_star":32,"byg:pine_log":6,"minecraft:leather":20,"the_arcaneum:corrupt_horror_eye":2,"minecraft:bedrock":128,"travelersbackpack:standard":4,"artifacts:vampiric_glove":1,"minecraft:flint":10,"minecraft:cobblestone_stairs":1,"tombstone:bag_of_seeds":1,"gobber2:gobber2_bow_nether":4,"minecraft:ice":22,"minecraft:snowball":19,"gobber2:gobber2_boots_nether":1,"byg:scoria_cobblestone":131,"mtmechs:magicite_item":90,"the_arcaneum:eyeclops_eye":2,"gobber2:gobber2_paxel":2,"minecraft:gravel":227,"minecraft:blackstone":3,"gobber2:gobber2_sword_nether":1,"bountifulbaubles:potion_recall":6,"minecraft:beetroot":1,"forestcraft:deep_rock":434,"minecraft:carrot":3,"gobber2:gobber2_ingot_nether":27,"zombie_extreme:raw_steel":2,"byg:skyris_sapling":15,"byg:skyris_log":60,"minecraft:gunpowder":4,"zombie_extreme:raw_titan":1,"vampirism:hunter_axe_ultimate":1,"minecraft:iron_bars":3,"minecraft:basalt":24,"minecraft:iron_ore":79,"gobber2:gobber2_helmet_nether":1,"minecraft:arrow":1,"minecraft:quartz":23,"minecraft:netherrack":207,"minecraft:purple_carpet":1,"lycanitesmobs:raw_krake_meat":4,"minecraft:water_bucket":4,"minecraft:bread":41,"minecraft:magenta_carpet":2,"byg:pine_sapling":3,"minecraft:mossy_cobblestone":19,"iceandfire:frozen_gravel":4,"byg:fir_sapling":21,"gobber2:gobber2_seed_nether":1,"mowziesmobs:wrought_axe":1,"minecraft:stick":177,"minecraft:diorite":279,"goblinsanddungeons:scoria":249,"minecraft:torch":124,"byg:soapstone":491,"tconstruct:copper_ore":92,"divinerpg:realmite_ore":8,"tombstone:grave_dust":6,"minecraft:iron_leggings":1,"zombie_extreme:raw_lead":2,"riskofrainmod:lens_makers_glasses":1,"minecraft:wither_rose":1,"minecraft:iron_axe":1,"gobber2:gobber2_leggings_nether":1,"the_arcaneum:shadowplasm":1,"artifacts:feral_claws":3,"bloodandmadness:raw_quicksilver":2,"minecraft:bucket":1,"minecraft:redstone":19,"minecraft:nether_wart":23,"minecraft:coarse_dirt":1,"lycanitesmobs:equipmentpart_entarm":1,"iceandfire:witherbone":4,"minecraft:wither_skeleton_skull":9,"byg:skyris_planks":69,"iceandfire:silver_ore":6,"the_arcaneum:gruk":1,"minecraft:ender_eye":1,"minecraft:totem_of_undying":1,"minecraft:shield":1,"minecraft:diamond_chestplate":3,"minecraft:iron_chestplate":1,"minecraft:andesite":232,"the_arcaneum:abomination_goo":1,"minecraft:diamond_boots":2,"minecraft:spruce_log":64,"minecraft:magma_cream":17,"lycanitesmobs:stablesummoningstaff":2}},"DataVersion":2586}