{"stats":{"minecraft:crafted":{"minecraft:glass":22,"torchmaster:megatorch":3,"gobber2:gobber2_ingot":123,"minecraft:diamond_axe":6,"gobber2:gobber2_glob_nether":22,"epicfight:iron_longsword":1,"ob_core:platinum_ingot":16,"minecraft:iron_pickaxe":9,"minecraft:iron_block":6,"minecraft:gold_ingot":89,"lycanitesmobs:summoningstaff":1,"byg:fir_bookshelf":32,"minecraft:birch_log":60,"mca:bouquet":4,"minecraft:bone_meal":30,"travelersbackpack:magma_cube":3,"gobber2:gobber2_glob":104,"minecraft:ladder":84,"byg:fir_crafting_table":1,"mca:engagement_ring":1,"gobber2:gobber2_seed":8,"lycanitesmobs:boulderblastcharge":24,"byg:skyris_planks":960,"epicfight:iron_tachi":3,"minecraft:iron_leggings":2,"gobber2:gobber2_leggings":1,"minecraft:stone":203,"gobber2:gobber2_chestplate":1,"lycanitesmobs:stablesummoningstaff":1,"minecraft:iron_boots":2,"minecraft:chest":96,"byg:fir_planks":648,"zombie_extreme:ignot_aluminum":4,"zombie_extreme:ignotlead":4,"minecraft:spruce_planks":120,"minecraft:iron_helmet":2,"minecraft:gold_block":5,"minecraft:iron_chestplate":2,"minecraft:diamond_pickaxe":1,"minecraft:emerald_block":2,"minecraft:stick":628,"minecraft:iron_ingot":495,"armoroftheages:bamboo_hat":1,"minecraft:spruce_log":6,"minecraft:coal":270,"zombie_extreme:ignotsteel":5,"minecraft:iron_hoe":1,"zombie_extreme:ignot_titan":1,"trashcans:item_trash_can":1,"zombie_extreme:ignot_tin":3,"iceandfire:copper_ingot":3,"iceandfire:silver_ingot":13,"minecraft:spruce_sign":3,"minecraft:iron_sword":3,"minecraft:bucket":12,"minecraft:air":0,"minecraft:anvil":2,"minecraft:torch":1444},"minecraft:broken":{"minecraft:iron_boots":3,"minecraft:iron_chestplate":2,"minecraft:iron_leggings":2,"epicfight:iron_tachi":2,"minecraft:iron_axe":1,"minecraft:iron_pickaxe":10,"minecraft:iron_helmet":3},"minecraft:killed":{"minecraft:cave_spider":8,"zombie_extreme:night_hunter":5,"lycanitesmobs:roc":6,"divinerpg:the_eye":1,"the_arcaneum:sleep_paralysis_demon":4,"lycanitesmobs:gnekk":4,"bloodandmadness:beast_patient":4,"mutantmore:rodling":1,"lycanitesmobs:vapula":6,"mtmechs:tunnelarmor":1,"lycanitesmobs:aegis":5,"zombie_extreme:infected_hazmat":2,"lycanitesmobs:frostweaver":1,"lycanitesmobs:aspid":1,"undead_expansion:haunter":10,"zombie_extreme:chainsaw":1,"minecraft:pillager":5,"minecraft:zombie":17,"born_in_chaos_v1:diamond_thermite":9,"minecraft:evoker":7,"minecraft:vindicator":19,"zombienation:zombie_2":2,"lycanitesmobs:darkling":2,"zombienation:zombie_6":5,"mowziesmobs:ferrous_wroughtnaut":1,"lycanitesmobs:ent":22,"zombie_extreme:runner":5,"zombie_extreme:boomer":5,"zombie_extreme:infected_military":2,"lycanitesmobs:grue":7,"lycanitesmobs:barghest":2,"born_in_chaos_v1:decrepit_skeleton":3,"divinerpg:miner":1,"zombienation:zombie_4":3,"iceandfire:ice_dragon":1,"mca:female_villager":1,"lycanitesmobs:jabberwock":2,"minecraft:zombified_piglin":1,"lycanitesmobs:arix":4,"minecraft:spider":1,"lycanitesmobs:spriggan":6,"undead:zombiecow":1,"lycanitesmobs:volcan":1,"zombie_extreme:divided":1,"lycanitesmobs:bobeko":3,"minecraft:illusioner":4,"artifacts:mimic":1,"hmm:freddykrueger":4,"lycanitesmobs:wraamon":2,"zombienation:chesthead":1,"the_arcaneum:butterfly":1,"born_in_chaos_v1:dread_hound":1,"zombienation:zombie_7":3,"zombienation:zombie_8":4,"zombie_extreme:infected_police":1,"zombie_extreme:devastated":1,"lycanitesmobs:remobra":1,"lycanitesmobs:geonach":31,"zombie_extreme:fetus":2,"divinerpg:hell_pig":1,"minecraft:vex":5,"lycanitesmobs:banshee":5,"lycanitesmobs:reaper":13,"zombienation:zombie_5":5,"bloodandmadness:brainsucker":1,"zombienation:zombie_1":12,"forestcraft:worm":7,"born_in_chaos_v1:baby_skeleton":1,"zombie_extreme:infected":1,"lycanitesmobs:salamander":1,"lycanitesmobs:chupacabra":13,"zombienation:zombie_3":10,"lycanitesmobs:jengu":1,"minecraft:wither_skeleton":1,"lycanitesmobs:reiver":22,"lycanitesmobs:afrit":13},"minecraft:killed_by":{"minecraft:piglin_brute":4,"minecraft:vindicator":7,"zombie_extreme:infected_military":1,"lycanitesmobs:afrit":2,"zombienation:zombie_3":2,"the_arcaneum:eyeclops":7,"zombienation:zombie_4":1,"undead_expansion:haunter":1,"minecraft:vex":7,"lycanitesmobs:chupacabra":2,"lycanitesmobs:remobra":1,"lycanitesmobs:barghest":1,"bloodandmadness:brainsucker":1,"zombienation:zombie_8":1,"minecraft:evoker":3,"zombie_extreme:night_hunter":1,"iceandfire:ice_dragon":1,"minecraft:blaze":1,"minecraft:player":1,"minecraft:iron_golem":1,"mowziesmobs:ferrous_wroughtnaut":4,"lycanitesmobs:geonach":1,"lycanitesmobs:reiver":10,"lycanitesmobs:grue":2,"lycanitesmobs:vapula":1,"lycanitesmobs:wraamon":1},"minecraft:custom":{"minecraft:interact_with_crafting_table":100,"minecraft:bell_ring":2,"minecraft:leave_game":65,"minecraft:time_since_death":36240,"minecraft:deaths":75,"tombstone:tomb_raiding":2,"minecraft:jump":7702,"minecraft:enchant_item":9,"minecraft:interact_with_furnace":152,"minecraft:play_record":5,"minecraft:traded_with_villager":11,"minecraft:sleep_in_bed":51,"tombstone:sneak_grave":13,"minecraft:damage_dealt":109675,"tombstone:undead_killed":97,"minecraft:horse_one_cm":4921,"minecraft:interact_with_smithing_table":1,"minecraft:interact_with_anvil":21,"minecraft:damage_dealt_absorbed":1040,"minecraft:sneak_time":135208,"tombstone:raider_killed":35,"minecraft:tune_noteblock":25,"minecraft:time_since_rest":22598,"minecraft:swim_one_cm":28629,"minecraft:fly_one_cm":967630,"minecraft:open_chest":975,"minecraft:fall_one_cm":305874,"lootr:looted_stat":61,"minecraft:damage_resisted":4,"minecraft:sprint_one_cm":3354600,"minecraft:drop":521,"minecraft:talked_to_villager":4,"minecraft:interact_with_brewingstand":1,"minecraft:walk_on_water_one_cm":75591,"minecraft:play_one_minute":2083382,"minecraft:player_kills":13,"minecraft:crouch_one_cm":389535,"tombstone:villager_killed":1,"minecraft:mob_kills":377,"minecraft:climb_one_cm":227454,"minecraft:walk_one_cm":3095347,"minecraft:walk_under_water_one_cm":144755,"minecraft:damage_taken":42872,"minecraft:damage_absorbed":56},"minecraft:used":{"minecraft:ladder":72,"trashcans:item_trash_can":1,"minecraft:chest":108,"minecraft:stone":137,"minecraft:soul_sand":20,"minecraft:stripped_spruce_log":44,"minecraft:lava_bucket":5,"minecraft:music_disc_ward":1,"gobber2:gobber2_hammer":955,"byg:fir_log":155,"minecraft:mossy_stone_bricks":1,"gobber2:gobber2_pickaxe":810,"minecraft:diorite":12,"gobber2:gobber2_seed_nether":640,"epicfight:iron_longsword":14,"minecraft:golden_apple":1,"minecraft:sand":3,"tconstruct:copper_ore":4,"byg:orange_oak_sapling":1,"travelersbackpack:magma_cube":7,"minecraft:enchanting_table":1,"minecraft:torch":1498,"minecraft:anvil":2,"byg:pink_anemone":1,"minecraft:iron_axe":88,"carryon:entity_item":5,"tombstone:gift":8,"torchmaster:megatorch":5,"minecraft:wheat_seeds":1,"minecraft:water_bucket":64,"byg:fir_crafting_table":1,"minecraft:rabbit":2,"lycanitesmobs:raw_chupacabra_meat":2,"byg:rocky_stone":4,"minecraft:mossy_cobblestone":6,"minecraft:crafting_table":1,"minecraft:spruce_log":707,"byg:skyris_door":10,"forestcraft:deep_rock":5,"minecraft:diamond_pickaxe":64,"byg:skyris_planks":409,"minecraft:iron_pickaxe":2559,"minecraft:spruce_trapdoor":9,"minecraft:cobblestone":873,"travelersbackpack:standard":28,"minecraft:purple_bed":2,"byg:scoria_cobblestone":1,"byg:skyris_sapling":15,"minecraft:kelp":65,"minecraft:jukebox":2,"byg:fir_bookshelf":32,"gobber2:gobber2_goo":1,"minecraft:diamond_hoe":1239,"minecraft:iron_sword":248,"minecraft:bell":1,"gobber2:gobber2_sword_nether":221,"minecraft:carrot":2,"minecraft:music_disc_13":1,"minecraft:obsidian":1,"minecraft:lantern":5,"carryon:tile_item":8,"minecraft:magma_block":4,"minecraft:beetroot_seeds":22,"byg:green_apple":1,"the_arcaneum:conglomerate_ore":5,"minecraft:blue_bed":2,"minecraft:diamond_axe":242,"gobber2:gobber2_paxel_nether":256,"minecraft:sponge":2,"epicfight:iron_tachi":515,"minecraft:bread":124,"tombstone:grave_key":1,"mtmechs:ta_whole_item":3,"minecraft:gravel":1,"minecraft:andesite":19,"minecraft:air":15,"minecraft:bone_meal":30,"minecraft:experience_bottle":106,"gobber2:gobber2_paxel":2010,"minecraft:spruce_planks":1,"byg:aspen_log":26,"minecraft:dirt":936,"minecraft:spruce_fence":5,"minecraft:iron_hoe":192,"goblinsanddungeons:scoria":32,"gobber2:gobber2_seed":1205,"byg:skyris_log":360,"gobber2:gobber2_sword":1035,"minecraft:soul_soil":2,"minecraft:cobblestone_stairs":1,"minecraft:polished_andesite":6,"minecraft:spruce_sign":6,"minecraft:music_disc_cat":3,"tombstone:bag_of_seeds":2,"byg:soapstone":6,"byg:pine_log":204,"minecraft:bucket":84},"minecraft:mined":{"byg:white_sage":4,"minecraft:granite":61,"byg:skyris_log":364,"the_arcaneum:conglomerate_ore":8,"minecraft:coal_block":52,"minecraft:spawner":5,"minecraft:magma_block":2,"gobber2:gobber2_ore":18,"minecraft:fire":5,"zombie_extreme:ore_steel":4,"minecraft:enchanting_table":1,"minecraft:oak_stairs":4,"gobber2:gobber2_plant":624,"minecraft:magenta_carpet":2,"minecraft:kelp_plant":4,"minecraft:torch":36,"forestcraft:deep_rock":72,"iceandfire:sapphire_ore":2,"minecraft:sugar_cane":5,"byg:pink_anemone":8,"byg:soapstone":537,"minecraft:wheat":4,"zombie_extreme:ore_ruby":7,"minecraft:jukebox":2,"minecraft:stone_brick_stairs":2,"minecraft:grass":96,"ob_core:platinum_ore":5,"farlanders:endumium_ore":2,"iceandfire:silver_ore":14,"minecraft:mossy_cobblestone":28,"minecraft:spruce_fence":8,"byg:aspen_log":26,"born_in_chaos_v1:black_argillite":51,"minecraft:kelp":5,"minecraft:redstone_ore":70,"graveyard:tg_moss_block":8,"zombie_extreme:ore_lead":1,"travelersbackpack:magma_cube":3,"minecraft:andesite":52,"lycanitesmobs:frostfire":84,"minecraft:vine":1,"byg:rocky_stone":21,"minecraft:bamboo":2,"minecraft:white_wool":1,"tconstruct:copper_ore":21,"minecraft:glass_pane":4,"minecraft:soul_sand":10,"minecraft:dandelion":6,"minecraft:campfire":1,"minecraft:tall_grass":2,"minecraft:diorite":103,"minecraft:purple_wool":3,"minecraft:purple_bed":2,"byg:scoria_stone":33,"zombie_extreme:ore_tin":5,"minecraft:cobblestone_wall":20,"minecraft:spruce_log":712,"graveyard:moss_block":14,"byg:pine_log":204,"byg:skyris_vine":1,"minecraft:gravel":227,"minecraft:cobweb":6,"byg:fir_log":152,"lycanitesmobs:scorchfire":45,"minecraft:gold_ore":23,"minecraft:fern":174,"minecraft:spruce_planks":26,"minecraft:farmland":7,"minecraft:cobblestone_stairs":2,"byg:cattail":3,"minecraft:spruce_trapdoor":12,"minecraft:grass_block":582,"gobber2:gobber2_lucky_block":6,"minecraft:soul_soil":5,"minecraft:iron_ore":351,"byg:indigo_jacaranda_leaves":1,"minecraft:iron_bars":2,"minecraft:purple_carpet":1,"byg:fir_leaves":6,"gobber2:gobber2_plant_nether":211,"minecraft:clay":1,"minecraft:poppy":17,"minecraft:chest":13,"minecraft:cobblestone":153,"bloodandmadness:mercury_soaked_stone":1,"minecraft:oak_planks":5,"minecraft:wall_torch":52,"byg:overgrown_stone":406,"byg:skyris_planks":18,"minecraft:beetroots":20,"minecraft:sand":2,"minecraft:dirt":455,"byg:aspen_leaves":2,"minecraft:oak_leaves":4,"infernalexp:buried_bone":2,"minecraft:diamond_ore":19,"byg:scoria_cobblestone":1,"lycanitesmobs:icefire":31,"iceandfire:frozen_cobblestone":19,"born_in_chaos_v1:infected_diamond_ore":3,"torchmaster:megatorch":2,"iceandfire:frozen_stone":25,"zombie_extreme:ore_titan":1,"minecraft:spruce_leaves":91,"byg:stripped_skyris_log":1,"morevillagers:woodworking_table":2,"minecraft:large_fern":46,"minecraft:stripped_spruce_log":28,"minecraft:bookshelf":243,"minecraft:stone":2697,"zombie_extreme:ore_aluminum":2,"byg:orange_oak_leaves":4,"lycanitesmobs:shadowfire":15,"travelersbackpack:standard":1,"goblinsanddungeons:scoria":52,"minecraft:crafting_table":1,"minecraft:lapis_ore":3,"minecraft:blue_bed":1,"minecraft:air":15,"minecraft:sweet_berry_bush":6,"byg:short_grass":2,"minecraft:grass_path":232,"minecraft:coal_ore":209,"minecraft:polished_andesite":10,"minecraft:mossy_stone_bricks":1},"minecraft:dropped":{"minecraft:porkchop":2,"minecraft:chorus_fruit":1,"gobber2:gobber2_sword":2,"minecraft:saddle":2,"zombie_extreme:rotten_apple":3,"mtmechs:iron_wrench_item":1,"undead_expansion:ectoplasm":2,"minecraft:dirt":153,"minecraft:gold_nugget":35,"minecraft:phantom_membrane":3,"epicfight:iron_tachi":1,"minecraft:purple_wool":3,"minecraft:iron_pickaxe":11,"bountifulbaubles:magic_mirror":1,"minecraft:bone":4,"minecraft:iron_nugget":40,"minecraft:wheat":2,"minecraft:rotten_flesh":20,"minecraft:oak_planks":4,"iceandfire:copper_ore":1,"gobber2:gobber2_ore":2,"byg:rocky_stone":107,"bloodandmadness:coldblood_dew":351,"minecraft:leather_boots":2,"lycanitesmobs:equipmentpart_geonachspear":1,"minecraft:iron_ingot":121,"gobber2:gobber2_ingot":75,"minecraft:wheat_seeds":45,"minecraft:iron_helmet":5,"minecraft:cobblestone":4948,"zombie_extreme:cloth":2,"minecraft:granite":313,"minecraft:coal":75,"lycanitesmobs:raw_chupacabra_meat":10,"byg:cattail":1,"minecraft:lava_bucket":11,"artifacts:snorkel":1,"born_in_chaos_v1:black_argillite":52,"gobber2:gobber2_seed":448,"minecraft:oak_stairs":4,"mowziesmobs:wrought_helmet":1,"minecraft:string":2,"artifacts:digging_claws":2,"minecraft:spruce_sapling":59,"minecraft:cobblestone_wall":1,"the_arcaneum:conglomerate_ore":25,"gobber2:gobber2_boots":1,"lycanitesmobs:equipmentpart_grueclaw":1,"minecraft:iron_boots":1,"byg:pink_anemone":2,"minecraft:spruce_fence":1,"minecraft:pumpkin_seeds":4,"minecraft:diamond_sword":1,"minecraft:stone":71,"minecraft:diamond_pickaxe":1,"the_arcaneum:ruby_tools_sword":1,"byg:aspen_sapling":1,"gobber2:gobber2_pickaxe":1,"minecraft:spider_eye":3,"lycanitesmobs:frostboltcharge":11,"minecraft:magma_block":16,"epicfight:skillbook":1,"zombie_extreme:raw_tin":13,"lycanitesmobs:scorchfireballcharge":4,"minecraft:oak_log":3,"byg:pine_log":6,"minecraft:leather":10,"travelersbackpack:standard":4,"artifacts:vampiric_glove":1,"minecraft:cobblestone_stairs":1,"minecraft:flint":7,"tombstone:bag_of_seeds":1,"minecraft:ice":22,"minecraft:snowball":19,"byg:scoria_cobblestone":129,"mtmechs:magicite_item":90,"the_arcaneum:eyeclops_eye":2,"gobber2:gobber2_paxel":2,"minecraft:gravel":227,"minecraft:beetroot":1,"forestcraft:deep_rock":238,"minecraft:carrot":3,"zombie_extreme:raw_steel":2,"byg:skyris_sapling":15,"byg:skyris_log":60,"vampirism:hunter_axe_ultimate":1,"minecraft:iron_ore":63,"minecraft:iron_bars":3,"minecraft:arrow":1,"minecraft:quartz":14,"minecraft:netherrack":128,"minecraft:purple_carpet":1,"minecraft:water_bucket":4,"minecraft:bread":41,"minecraft:magenta_carpet":2,"byg:pine_sapling":3,"minecraft:mossy_cobblestone":19,"byg:fir_sapling":21,"gobber2:gobber2_seed_nether":1,"mowziesmobs:wrought_axe":1,"minecraft:stick":177,"minecraft:diorite":270,"goblinsanddungeons:scoria":243,"minecraft:torch":124,"byg:soapstone":482,"tconstruct:copper_ore":92,"tombstone:grave_dust":6,"minecraft:iron_leggings":1,"riskofrainmod:lens_makers_glasses":1,"minecraft:iron_axe":1,"the_arcaneum:shadowplasm":1,"artifacts:feral_claws":3,"minecraft:bucket":1,"minecraft:redstone":12,"minecraft:coarse_dirt":1,"byg:skyris_planks":69,"minecraft:totem_of_undying":1,"minecraft:shield":1,"minecraft:diamond_chestplate":3,"minecraft:iron_chestplate":1,"minecraft:andesite":184,"minecraft:diamond_boots":2,"minecraft:spruce_log":64,"minecraft:magma_cream":17,"lycanitesmobs:stablesummoningstaff":2},"minecraft:picked_up":{"lycanitesmobs:quillcharge":1,"iceandfire:copper_ore":4,"minecraft:magenta_carpet":2,"minecraft:lead":2,"minecraft:oak_stairs":4,"minecraft:music_disc_cat":3,"minecraft:string":18,"lycanitesmobs:equipmentpart_geonachspear":4,"gobber2:gobber2_seed":1999,"minecraft:soul_soil":20,"lycanitesmobs:raw_aspid_meat":1,"gobber2:gobber2_sword_nether":1,"mtmechs:ta_whole_item":2,"lycanitesmobs:equipmentpart_geonachfist":4,"minecraft:beetroot":20,"byg:pine_log":181,"minecraft:gold_nugget":125,"lycanitesmobs:immunizer":4,"minecraft:spruce_planks":27,"minecraft:coal_block":57,"zombie_extreme:ruby":7,"byg:fir_sapling":51,"zombie_extreme:raw_aluminum":4,"minecraft:jukebox":2,"born_in_chaos_v1:shattered_skull":2,"iceandfire:silver_ore":13,"byg:cattail":1,"bountifulbaubles:magic_mirror":1,"the_arcaneum:eyeclops_eye":3,"zombie_extreme:rotten_apple":11,"lycanitesmobs:stablesummoningstaff":2,"lycanitesmobs:equipmentpart_bansheeeye":2,"minecraft:blaze_rod":4,"minecraft:iron_bars":3,"minecraft:snowball":123,"iceandfire:sapphire_gem":2,"minecraft:magma_block":20,"minecraft:feather":3,"lycanitesmobs:venomshotcharge":8,"minecraft:water_bucket":2,"minecraft:flint":32,"gobber2:gobber2_gooey_bread_nether":2,"travelersbackpack:gold_tier_upgrade":1,"lycanitesmobs:frostwebcharge":4,"ob_core:platinum_raw":16,"minecraft:lantern":5,"minecraft:purple_carpet":2,"byg:white_sage":4,"gobber2:gobber2_paxel_nether":1,"gobber2:gobber2_globette":602,"minecraft:rabbit":2,"minecraft:glowstone_dust":2,"mtmechs:ta_stack_item":1,"minecraft:stripped_spruce_log":16,"minecraft:polished_andesite":5,"lycanitesmobs:scorchfireballcharge":22,"the_arcaneum:ruby_tools_sword":1,"byg:pink_anemone":8,"byg:aspen_log":22,"minecraft:granite":371,"gobber2:gobber2_sword":1,"minecraft:coarse_dirt":1,"minecraft:crafting_table":1,"minecraft:purple_wool":3,"zombie_extreme:raw_tin":18,"morevillagers:woodworking_table":2,"majruszs_accessories:giant_seed":2,"riskofrainmod:tougher_times":1,"minecraft:iron_nugget":171,"minecraft:poppy":21,"minecraft:chest":14,"byg:orange_oak_sapling":1,"minecraft:stone":204,"minecraft:spruce_fence":9,"born_in_chaos_v1:pieceofdarkmetal":1,"minecraft:carrot":8,"minecraft:redstone":365,"iceandfire:dragon_skull_ice":1,"lycanitesmobs:aquapulsecharge":2,"born_in_chaos_v1:diamond_thermite_shard":6,"forestcraft:deep_rock":228,"minecraft:beetroot_seeds":47,"gobber2:gobber2_gooey_beef_nether":1,"iceandfire:dragonscales_silver":14,"lycanitesmobs:chaosorbcharge":2,"minecraft:totem_of_undying":8,"minecraft:gold_ingot":36,"minecraft:white_wool":1,"majruszs_accessories:lucky_rock":1,"minecraft:oak_log":29,"mowziesmobs:wrought_axe":1,"minecraft:blue_bed":2,"minecraft:paper":1,"zombie_extreme:raw_steel":6,"zombie_extreme:raw_lead":4,"bloodandmadness:quicksilver_bullet":2,"minecraft:apple":1,"minecraft:stone_bricks":1,"minecraft:kelp":65,"alexsmobs:cockroach_wing_fragment":1,"minecraft:iron_ore":563,"tombstone:bag_of_seeds":2,"farlanders:endumium_crystal":2,"minecraft:glass_bottle":2,"goblinsanddungeons:scoria":306,"tconstruct:copper_ore":112,"minecraft:sweet_berries":13,"lycanitesmobs:equipmentpart_grueclaw":3,"minecraft:gravel":321,"minecraft:spruce_sapling":188,"minecraft:spruce_log":623,"graveyard:moss_block":14,"vampirism:hunter_axe_ultimate":1,"travelersbackpack:standard":4,"minecraft:purple_bed":2,"minecraft:slime_ball":14,"minecraft:diamond_axe":1,"iceandfire:ice_dragon_flesh":1,"minecraft:melon_seeds":16,"gobber2:gobber2_goo_nether":1,"minecraft:ender_pearl":11,"minecraft:wheat":5,"lycanitesmobs:raw_chupacabra_meat":23,"minecraft:stone_brick_stairs":1,"iceandfire:armor_silver_metal_chestplate":1,"born_in_chaos_v1:black_argillite":111,"minecraft:lapis_block":1,"the_arcaneum:conglomerate_ore":32,"minecraft:bucket":2,"gobber2:gobber2_paxel":2,"lycanitesmobs:raw_bobeko_meat":10,"minecraft:ender_eye":1,"minecraft:iron_pickaxe":9,"zombie_extreme:police_suit_helmet":1,"minecraft:stick":265,"minecraft:torch":323,"travelersbackpack:iron_tier_upgrade":1,"epicfight:skillbook":6,"minecraft:porkchop":2,"tombstone:grave_dust":26,"minecraft:diorite":401,"minecraft:vine":3,"byg:aspen_sapling":2,"byg:pine_sapling":16,"minecraft:rotten_flesh":41,"minecraft:music_disc_ward":1,"byg:skyris_planks":16,"minecraft:obsidian":27,"bloodandmadness:blood_stone_shard":1,"lycanitesmobs:lifedraincharge":11,"minecraft:cobblestone":9156,"minecraft:enchanting_table":1,"minecraft:magma_cream":5,"minecraft:andesite":276,"lycanitesmobs:icefireballcharge":6,"minecraft:wither_skeleton_skull":1,"gobber2:gobber2_ore":29,"travelersbackpack:magma_cube":3,"minecraft:lapis_lazuli":139,"minecraft:dirt":1302,"minecraft:leather_boots":2,"mtmechs:magicite_item":128,"minecraft:bone":77,"forestcraft:sky_fragment":6,"gobber2:gobber2_gooey_beef":2,"minecraft:wheat_seeds":97,"minecraft:bell":1,"vampirism:item_garlic":14,"lycanitesmobs:poisongland":7,"minecraft:mossy_stone_bricks":1,"minecraft:bamboo":13,"minecraft:oak_planks":7,"lycanitesmobs:spectralboltcharge":25,"minecraft:music_disc_13":1,"lycanitesmobs:frostboltcharge":58,"lycanitesmobs:equipmentpart_reiverhorns":3,"torchmaster:megatorch":2,"minecraft:sand":5,"undead_expansion:spawner_shard":4,"minecraft:mossy_cobblestone":26,"minecraft:diamond":35,"minecraft:spruce_sign":4,"minecraft:emerald":26,"minecraft:netherrack":133,"minecraft:chorus_fruit":3,"gobber2:gobber2_goo":1,"gobber2:gobber2_boots":1,"endrem:magical_eye":5,"minecraft:charcoal":2,"minecraft:cocoa_beans":2,"byg:soapstone":694,"minecraft:packed_ice":2,"byg:stripped_skyris_log":1,"iceandfire:frozen_cobblestone":19,"undead_expansion:ectoplasm":11,"iceandfire:frozen_stone":25,"artifacts:feral_claws":1,"undead_expansion:rotting_arm":2,"bossominium:vex_wing":8,"minecraft:sugar_cane":9,"minecraft:spruce_trapdoor":15,"minecraft:phantom_membrane":18,"iceandfire:ice_dragon_heart":1,"undead:zombiecowmuscle":2,"iceandfire:dragonbone":12,"lycanitesmobs:frostyfur":3,"minecraft:bowl":2,"lycanitesmobs:cleansingcrystal":1,"byg:green_apple":274,"artifacts:snorkel":1,"gobber2:gobber2_globette_nether":202,"zombie_extreme:raw_titan":1,"minecraft:arrow":1,"minecraft:pumpkin_pie":4,"byg:fir_log":155,"graveyard:tg_moss_block":8,"byg:rocky_stone":125,"gobber2:gobber2_ingot":24,"minecraft:salmon":1,"gobber2:gobber2_gooey_beefstew":1,"minecraft:leather":19,"minecraft:ice":49,"undead_expansion:fang_sword":2,"minecraft:gunpowder":2,"minecraft:cobblestone_wall":20,"divinerpg:rupee_ingot":1,"minecraft:cobblestone_stairs":5,"byg:scoria_cobblestone":141,"bloodandmadness:raw_quicksilver":1,"gobber2:gobber2_pickaxe":1,"lycanitesmobs:crystalshardcharge":32,"minecraft:iron_ingot":61,"byg:skyris_sapling":68,"zombie_extreme:cloth":2,"minecraft:soul_sand":49,"minecraft:book":714,"riskofrainmod:lens_makers_glasses":1,"minecraft:quartz":140,"minecraft:dandelion":4,"minecraft:lava_bucket":1,"mowziesmobs:wrought_helmet":1,"minecraft:gold_ore":25,"minecraft:spruce_door":1,"minecraft:spider_eye":8,"gobber2:gobber2_seed_nether":663,"byg:skyris_log":293,"bloodandmadness:coldblood_dew":1263,"minecraft:pumpkin_seeds":23,"the_arcaneum:shadowplasm":6,"lycanitesmobs:equipmentpart_reaperclaw":1,"minecraft:iron_helmet":8,"minecraft:coal":477}},"DataVersion":2586}