{"stats":{"minecraft:picked_up":{"lycanitesmobs:raw_chupacabra_meat":16,"minecraft:wheat":3,"iceandfire:copper_ore":4,"minecraft:lead":2,"minecraft:stone_brick_stairs":1,"iceandfire:armor_silver_metal_chestplate":1,"born_in_chaos_v1:black_argillite":111,"minecraft:lapis_block":1,"lycanitesmobs:equipmentpart_geonachspear":4,"minecraft:string":4,"gobber2:gobber2_seed":1214,"the_arcaneum:conglomerate_ore":32,"mtmechs:ta_whole_item":2,"lycanitesmobs:equipmentpart_geonachfist":4,"minecraft:beetroot":20,"byg:pine_log":181,"minecraft:gold_nugget":116,"minecraft:bucket":2,"lycanitesmobs:immunizer":1,"minecraft:spruce_planks":21,"gobber2:gobber2_paxel":2,"lycanitesmobs:raw_bobeko_meat":2,"minecraft:iron_pickaxe":4,"minecraft:coal_block":57,"zombie_extreme:ruby":7,"byg:fir_sapling":51,"zombie_extreme:police_suit_helmet":1,"zombie_extreme:raw_aluminum":4,"minecraft:stick":182,"born_in_chaos_v1:shattered_skull":2,"minecraft:torch":275,"iceandfire:silver_ore":13,"epicfight:skillbook":4,"minecraft:porkchop":2,"tombstone:grave_dust":22,"minecraft:diorite":377,"minecraft:vine":3,"byg:aspen_sapling":1,"byg:pine_sapling":16,"the_arcaneum:eyeclops_eye":3,"minecraft:rotten_flesh":35,"zombie_extreme:rotten_apple":8,"lycanitesmobs:stablesummoningstaff":1,"byg:skyris_planks":16,"minecraft:blaze_rod":4,"minecraft:obsidian":13,"bloodandmadness:blood_stone_shard":1,"minecraft:snowball":62,"lycanitesmobs:lifedraincharge":4,"minecraft:cobblestone":8912,"iceandfire:sapphire_gem":2,"minecraft:magma_cream":3,"minecraft:water_bucket":1,"minecraft:andesite":276,"minecraft:flint":32,"lycanitesmobs:icefireballcharge":3,"gobber2:gobber2_gooey_bread_nether":2,"minecraft:wither_skeleton_skull":1,"gobber2:gobber2_ore":29,"lycanitesmobs:frostwebcharge":1,"ob_core:platinum_raw":16,"minecraft:lapis_lazuli":120,"minecraft:dirt":481,"minecraft:leather_boots":2,"mtmechs:magicite_item":128,"minecraft:bone":53,"forestcraft:sky_fragment":2,"gobber2:gobber2_gooey_beef":2,"minecraft:wheat_seeds":71,"vampirism:item_garlic":14,"lycanitesmobs:poisongland":6,"gobber2:gobber2_globette":436,"minecraft:mossy_stone_bricks":1,"minecraft:rabbit":2,"minecraft:glowstone_dust":2,"minecraft:oak_planks":3,"lycanitesmobs:spectralboltcharge":14,"lycanitesmobs:frostboltcharge":21,"torchmaster:megatorch":2,"mtmechs:ta_stack_item":1,"lycanitesmobs:equipmentpart_reiverhorns":1,"undead_expansion:spawner_shard":4,"minecraft:mossy_cobblestone":25,"minecraft:polished_andesite":5,"lycanitesmobs:scorchfireballcharge":10,"byg:aspen_log":14,"byg:pink_anemone":8,"minecraft:diamond":34,"the_arcaneum:ruby_tools_sword":1,"minecraft:granite":370,"minecraft:emerald":12,"gobber2:gobber2_sword":1,"minecraft:chorus_fruit":3,"gobber2:gobber2_goo":1,"byg:soapstone":694,"zombie_extreme:raw_tin":18,"byg:stripped_skyris_log":1,"morevillagers:woodworking_table":1,"iceandfire:frozen_cobblestone":19,"undead_expansion:ectoplasm":8,"iceandfire:frozen_stone":25,"artifacts:feral_claws":1,"minecraft:iron_nugget":170,"undead_expansion:rotting_arm":1,"minecraft:poppy":9,"minecraft:chest":14,"minecraft:spruce_trapdoor":6,"minecraft:phantom_membrane":11,"iceandfire:ice_dragon_heart":1,"iceandfire:dragonbone":12,"minecraft:stone":204,"lycanitesmobs:frostyfur":1,"minecraft:bowl":2,"byg:green_apple":274,"born_in_chaos_v1:pieceofdarkmetal":1,"minecraft:carrot":5,"minecraft:redstone":356,"iceandfire:dragon_skull_ice":1,"lycanitesmobs:aquapulsecharge":2,"zombie_extreme:raw_titan":1,"born_in_chaos_v1:diamond_thermite_shard":6,"forestcraft:deep_rock":228,"minecraft:beetroot_seeds":47,"minecraft:pumpkin_pie":3,"gobber2:gobber2_gooey_beef_nether":1,"iceandfire:dragonscales_silver":14,"lycanitesmobs:chaosorbcharge":2,"byg:fir_log":151,"byg:rocky_stone":125,"gobber2:gobber2_ingot":3,"gobber2:gobber2_gooey_beefstew":1,"minecraft:leather":11,"majruszs_accessories:lucky_rock":1,"minecraft:ice":19,"minecraft:oak_log":27,"divinerpg:rupee_ingot":1,"minecraft:cobblestone_stairs":5,"minecraft:blue_bed":1,"minecraft:paper":1,"zombie_extreme:raw_steel":6,"zombie_extreme:raw_lead":4,"byg:scoria_cobblestone":141,"bloodandmadness:quicksilver_bullet":2,"minecraft:apple":1,"minecraft:stone_bricks":1,"bloodandmadness:raw_quicksilver":1,"gobber2:gobber2_pickaxe":1,"alexsmobs:cockroach_wing_fragment":1,"lycanitesmobs:crystalshardcharge":32,"minecraft:iron_ingot":1,"minecraft:iron_ore":563,"byg:skyris_sapling":68,"farlanders:endumium_crystal":2,"zombie_extreme:cloth":1,"minecraft:glass_bottle":2,"goblinsanddungeons:scoria":306,"minecraft:soul_sand":1,"tconstruct:copper_ore":100,"minecraft:quartz":140,"lycanitesmobs:equipmentpart_grueclaw":2,"minecraft:gravel":321,"minecraft:spruce_sapling":149,"minecraft:spruce_log":498,"minecraft:gold_ore":25,"minecraft:spruce_door":1,"minecraft:spider_eye":2,"byg:skyris_log":293,"travelersbackpack:standard":4,"minecraft:pumpkin_seeds":20,"bloodandmadness:coldblood_dew":809,"minecraft:purple_bed":2,"minecraft:slime_ball":6,"the_arcaneum:shadowplasm":1,"lycanitesmobs:equipmentpart_reaperclaw":1,"minecraft:iron_helmet":3,"minecraft:diamond_axe":1,"iceandfire:ice_dragon_flesh":1,"minecraft:melon_seeds":12,"minecraft:coal":448,"gobber2:gobber2_goo_nether":1,"minecraft:ender_pearl":8},"minecraft:dropped":{"minecraft:porkchop":2,"minecraft:oak_log":3,"minecraft:chorus_fruit":1,"byg:pine_log":6,"gobber2:gobber2_sword":2,"minecraft:leather":6,"minecraft:saddle":2,"travelersbackpack:standard":4,"mtmechs:iron_wrench_item":1,"zombie_extreme:rotten_apple":3,"minecraft:flint":7,"minecraft:cobblestone_stairs":1,"undead_expansion:ectoplasm":2,"minecraft:dirt":93,"minecraft:ice":2,"minecraft:snowball":12,"minecraft:gold_nugget":26,"minecraft:phantom_membrane":2,"epicfight:iron_tachi":1,"minecraft:iron_pickaxe":6,"byg:scoria_cobblestone":129,"the_arcaneum:eyeclops_eye":2,"mtmechs:magicite_item":90,"minecraft:bone":3,"gobber2:gobber2_paxel":2,"minecraft:gravel":227,"minecraft:iron_nugget":40,"minecraft:beetroot":1,"minecraft:rotten_flesh":17,"iceandfire:copper_ore":1,"forestcraft:deep_rock":238,"zombie_extreme:raw_steel":2,"byg:skyris_sapling":15,"byg:skyris_log":60,"gobber2:gobber2_ore":2,"byg:rocky_stone":107,"bloodandmadness:coldblood_dew":161,"minecraft:leather_boots":2,"lycanitesmobs:equipmentpart_geonachspear":1,"minecraft:iron_ore":63,"minecraft:quartz":14,"minecraft:water_bucket":2,"minecraft:bread":41,"gobber2:gobber2_ingot":33,"minecraft:wheat_seeds":35,"byg:pine_sapling":3,"minecraft:mossy_cobblestone":19,"minecraft:cobblestone":4928,"zombie_extreme:cloth":1,"minecraft:granite":312,"byg:fir_sapling":21,"minecraft:coal":73,"lycanitesmobs:raw_chupacabra_meat":6,"minecraft:stick":129,"born_in_chaos_v1:black_argillite":52,"minecraft:diorite":270,"goblinsanddungeons:scoria":243,"minecraft:torch":97,"byg:soapstone":482,"tconstruct:copper_ore":92,"tombstone:grave_dust":2,"minecraft:iron_leggings":1,"minecraft:iron_axe":1,"artifacts:feral_claws":3,"minecraft:bucket":1,"artifacts:digging_claws":2,"minecraft:spruce_sapling":59,"minecraft:redstone":6,"the_arcaneum:conglomerate_ore":25,"byg:skyris_planks":69,"minecraft:iron_boots":1,"byg:pink_anemone":2,"minecraft:pumpkin_seeds":4,"minecraft:diamond_sword":1,"minecraft:stone":71,"minecraft:shield":1,"minecraft:diamond_chestplate":3,"the_arcaneum:ruby_tools_sword":1,"minecraft:iron_chestplate":1,"minecraft:diamond_pickaxe":1,"byg:aspen_sapling":1,"minecraft:andesite":184,"gobber2:gobber2_pickaxe":1,"minecraft:diamond_boots":1,"zombie_extreme:raw_tin":13,"epicfight:skillbook":1,"lycanitesmobs:stablesummoningstaff":2},"minecraft:broken":{"minecraft:iron_boots":3,"minecraft:iron_chestplate":2,"minecraft:iron_leggings":2,"epicfight:iron_tachi":2,"minecraft:iron_axe":1,"minecraft:iron_pickaxe":10,"minecraft:iron_helmet":3},"minecraft:crafted":{"gobber2:gobber2_leggings":1,"minecraft:stone":64,"gobber2:gobber2_chestplate":1,"lycanitesmobs:stablesummoningstaff":1,"minecraft:iron_boots":2,"minecraft:chest":75,"byg:fir_planks":144,"torchmaster:megatorch":2,"zombie_extreme:ignot_aluminum":4,"zombie_extreme:ignotlead":4,"gobber2:gobber2_ingot":93,"minecraft:diamond_axe":1,"minecraft:iron_helmet":2,"epicfight:iron_longsword":1,"minecraft:gold_block":1,"ob_core:platinum_ingot":16,"minecraft:iron_chestplate":2,"minecraft:diamond_pickaxe":1,"minecraft:stick":612,"minecraft:iron_ingot":479,"minecraft:iron_pickaxe":9,"minecraft:iron_block":3,"minecraft:gold_ingot":81,"lycanitesmobs:summoningstaff":1,"minecraft:spruce_log":6,"minecraft:coal":270,"zombie_extreme:ignotsteel":5,"minecraft:birch_log":60,"mca:bouquet":1,"minecraft:bone_meal":30,"gobber2:gobber2_glob":75,"minecraft:ladder":84,"minecraft:iron_hoe":1,"zombie_extreme:ignot_titan":1,"byg:fir_crafting_table":1,"zombie_extreme:ignot_tin":3,"iceandfire:copper_ingot":3,"mca:engagement_ring":1,"gobber2:gobber2_seed":8,"iceandfire:silver_ingot":13,"lycanitesmobs:boulderblastcharge":24,"minecraft:iron_sword":3,"minecraft:bucket":2,"minecraft:air":0,"epicfight:iron_tachi":3,"byg:skyris_planks":960,"minecraft:iron_leggings":2,"minecraft:anvil":1,"minecraft:torch":1444},"minecraft:killed":{"lycanitesmobs:arix":2,"zombie_extreme:night_hunter":3,"lycanitesmobs:roc":1,"minecraft:spider":1,"divinerpg:the_eye":1,"lycanitesmobs:spriggan":3,"the_arcaneum:sleep_paralysis_demon":1,"lycanitesmobs:gnekk":3,"lycanitesmobs:volcan":1,"lycanitesmobs:bobeko":1,"bloodandmadness:beast_patient":2,"mutantmore:rodling":1,"lycanitesmobs:vapula":6,"mtmechs:tunnelarmor":1,"hmm:freddykrueger":1,"lycanitesmobs:aegis":5,"lycanitesmobs:frostweaver":1,"lycanitesmobs:wraamon":2,"zombienation:chesthead":1,"undead_expansion:haunter":7,"zombie_extreme:chainsaw":1,"minecraft:zombie":13,"the_arcaneum:butterfly":1,"born_in_chaos_v1:dread_hound":1,"zombienation:zombie_7":3,"born_in_chaos_v1:diamond_thermite":9,"zombienation:zombie_8":4,"zombie_extreme:infected_police":1,"lycanitesmobs:geonach":31,"zombie_extreme:fetus":1,"lycanitesmobs:banshee":2,"lycanitesmobs:reaper":7,"zombienation:zombie_2":2,"lycanitesmobs:darkling":1,"zombienation:zombie_6":4,"zombienation:zombie_5":4,"bloodandmadness:brainsucker":1,"lycanitesmobs:ent":21,"zombienation:zombie_1":9,"forestcraft:worm":7,"zombie_extreme:runner":4,"zombie_extreme:boomer":3,"zombie_extreme:infected_military":1,"lycanitesmobs:grue":6,"born_in_chaos_v1:baby_skeleton":1,"lycanitesmobs:barghest":2,"born_in_chaos_v1:decrepit_skeleton":3,"lycanitesmobs:chupacabra":10,"zombienation:zombie_3":5,"lycanitesmobs:jengu":1,"zombienation:zombie_4":2,"iceandfire:ice_dragon":1,"lycanitesmobs:afrit":5,"lycanitesmobs:jabberwock":2,"lycanitesmobs:reiver":11,"minecraft:wither_skeleton":1},"minecraft:used":{"gobber2:gobber2_goo":1,"minecraft:ladder":72,"minecraft:chest":88,"minecraft:iron_sword":248,"minecraft:stone":73,"minecraft:carrot":2,"minecraft:lava_bucket":5,"gobber2:gobber2_hammer":936,"byg:fir_log":155,"carryon:tile_item":4,"minecraft:beetroot_seeds":22,"byg:green_apple":1,"gobber2:gobber2_pickaxe":770,"minecraft:mossy_stone_bricks":1,"minecraft:diorite":12,"the_arcaneum:conglomerate_ore":5,"minecraft:blue_bed":1,"epicfight:iron_longsword":14,"minecraft:diamond_axe":166,"tconstruct:copper_ore":4,"minecraft:sponge":2,"epicfight:iron_tachi":515,"minecraft:bread":124,"mtmechs:ta_whole_item":3,"minecraft:gravel":1,"minecraft:andesite":19,"minecraft:air":12,"minecraft:bone_meal":30,"gobber2:gobber2_paxel":1030,"byg:aspen_log":18,"minecraft:torch":1310,"minecraft:dirt":193,"minecraft:anvil":1,"byg:pink_anemone":1,"minecraft:iron_hoe":192,"minecraft:iron_axe":88,"carryon:entity_item":4,"goblinsanddungeons:scoria":32,"byg:skyris_log":360,"gobber2:gobber2_seed":651,"gobber2:gobber2_sword":572,"tombstone:gift":8,"torchmaster:megatorch":4,"minecraft:water_bucket":29,"byg:fir_crafting_table":1,"minecraft:cobblestone_stairs":1,"minecraft:rabbit":2,"lycanitesmobs:raw_chupacabra_meat":2,"minecraft:polished_andesite":6,"byg:rocky_stone":4,"minecraft:mossy_cobblestone":6,"minecraft:spruce_log":588,"byg:skyris_door":10,"forestcraft:deep_rock":5,"minecraft:diamond_pickaxe":64,"byg:skyris_planks":409,"minecraft:iron_pickaxe":2559,"byg:soapstone":6,"minecraft:cobblestone":850,"minecraft:purple_bed":2,"byg:scoria_cobblestone":1,"travelersbackpack:standard":25,"byg:pine_log":204,"minecraft:bucket":36,"byg:skyris_sapling":15},"minecraft:killed_by":{"minecraft:piglin_brute":4,"zombie_extreme:night_hunter":1,"zombie_extreme:infected_military":1,"iceandfire:ice_dragon":1,"lycanitesmobs:afrit":1,"minecraft:blaze":1,"zombienation:zombie_3":1,"the_arcaneum:eyeclops":7,"zombienation:zombie_4":1,"undead_expansion:haunter":1,"minecraft:iron_golem":1,"lycanitesmobs:chupacabra":1,"lycanitesmobs:reiver":9,"lycanitesmobs:geonach":1,"lycanitesmobs:barghest":1,"lycanitesmobs:grue":2,"lycanitesmobs:vapula":1,"zombienation:zombie_8":1,"lycanitesmobs:wraamon":1},"minecraft:mined":{"minecraft:spruce_planks":20,"minecraft:farmland":4,"minecraft:cobblestone_stairs":2,"byg:cattail":1,"minecraft:spruce_trapdoor":6,"minecraft:granite":60,"minecraft:grass_block":155,"gobber2:gobber2_lucky_block":6,"byg:skyris_log":364,"the_arcaneum:conglomerate_ore":8,"minecraft:coal_block":52,"minecraft:spawner":5,"gobber2:gobber2_ore":18,"minecraft:iron_ore":351,"minecraft:fire":5,"zombie_extreme:ore_steel":4,"byg:fir_leaves":6,"gobber2:gobber2_plant":459,"minecraft:torch":24,"minecraft:poppy":6,"minecraft:chest":13,"forestcraft:deep_rock":72,"iceandfire:sapphire_ore":2,"minecraft:cobblestone":114,"bloodandmadness:mercury_soaked_stone":1,"minecraft:wall_torch":46,"byg:pink_anemone":8,"byg:soapstone":537,"minecraft:wheat":3,"zombie_extreme:ore_ruby":7,"byg:overgrown_stone":378,"minecraft:stone_brick_stairs":2,"minecraft:grass":67,"byg:skyris_planks":18,"minecraft:beetroots":20,"minecraft:dirt":237,"ob_core:platinum_ore":5,"farlanders:endumium_ore":2,"minecraft:diamond_ore":19,"byg:scoria_cobblestone":1,"lycanitesmobs:icefire":1,"iceandfire:silver_ore":14,"minecraft:mossy_cobblestone":27,"iceandfire:frozen_cobblestone":19,"born_in_chaos_v1:infected_diamond_ore":3,"torchmaster:megatorch":2,"iceandfire:frozen_stone":25,"born_in_chaos_v1:black_argillite":51,"byg:aspen_log":18,"zombie_extreme:ore_titan":1,"minecraft:spruce_leaves":66,"byg:stripped_skyris_log":1,"morevillagers:woodworking_table":1,"minecraft:large_fern":5,"minecraft:redstone_ore":70,"zombie_extreme:ore_lead":1,"minecraft:andesite":52,"minecraft:vine":1,"byg:rocky_stone":21,"minecraft:stone":2610,"tconstruct:copper_ore":10,"zombie_extreme:ore_aluminum":2,"minecraft:glass_pane":3,"lycanitesmobs:shadowfire":15,"travelersbackpack:standard":1,"goblinsanddungeons:scoria":52,"minecraft:diorite":95,"minecraft:blue_bed":1,"minecraft:air":12,"minecraft:purple_bed":2,"byg:scoria_stone":33,"zombie_extreme:ore_tin":5,"minecraft:spruce_log":580,"byg:short_grass":1,"minecraft:grass_path":44,"byg:pine_log":204,"byg:skyris_vine":1,"minecraft:coal_ore":207,"minecraft:gravel":227,"minecraft:cobweb":1,"byg:fir_log":152,"minecraft:polished_andesite":10,"lycanitesmobs:scorchfire":20,"minecraft:mossy_stone_bricks":1,"minecraft:gold_ore":23,"minecraft:fern":147},"minecraft:custom":{"lootr:looted_stat":26,"minecraft:interact_with_crafting_table":63,"minecraft:bell_ring":1,"minecraft:leave_game":54,"minecraft:time_since_death":88011,"minecraft:sprint_one_cm":2233346,"minecraft:drop":399,"minecraft:talked_to_villager":3,"minecraft:deaths":47,"tombstone:tomb_raiding":2,"minecraft:jump":5171,"minecraft:interact_with_brewingstand":1,"minecraft:walk_on_water_one_cm":59423,"minecraft:interact_with_furnace":138,"minecraft:traded_with_villager":11,"minecraft:play_one_minute":1462593,"minecraft:sleep_in_bed":22,"tombstone:sneak_grave":13,"minecraft:damage_dealt":65405,"minecraft:player_kills":9,"minecraft:crouch_one_cm":251351,"tombstone:undead_killed":69,"minecraft:horse_one_cm":2754,"minecraft:interact_with_anvil":4,"minecraft:mob_kills":227,"minecraft:climb_one_cm":214382,"minecraft:walk_one_cm":2028122,"minecraft:damage_dealt_absorbed":480,"minecraft:sneak_time":101097,"minecraft:walk_under_water_one_cm":30619,"minecraft:time_since_rest":7662,"minecraft:damage_taken":28336,"minecraft:swim_one_cm":4352,"minecraft:fly_one_cm":565121,"minecraft:open_chest":619,"minecraft:fall_one_cm":198195}},"DataVersion":2586}