{"stats":{"minecraft:dropped":{"lycanitesmobs:scorchfireballcharge":4,"minecraft:porkchop":2,"minecraft:oak_log":3,"minecraft:chorus_fruit":1,"byg:pine_log":6,"gobber2:gobber2_sword":2,"minecraft:leather":6,"minecraft:saddle":2,"travelersbackpack:standard":4,"artifacts:vampiric_glove":1,"zombie_extreme:rotten_apple":3,"minecraft:flint":7,"minecraft:cobblestone_stairs":1,"mtmechs:iron_wrench_item":1,"undead_expansion:ectoplasm":2,"minecraft:dirt":152,"minecraft:ice":7,"minecraft:snowball":12,"minecraft:gold_nugget":35,"minecraft:phantom_membrane":3,"epicfight:iron_tachi":1,"minecraft:iron_pickaxe":11,"byg:scoria_cobblestone":129,"bountifulbaubles:magic_mirror":1,"mtmechs:magicite_item":90,"the_arcaneum:eyeclops_eye":2,"minecraft:bone":4,"gobber2:gobber2_paxel":2,"minecraft:gravel":227,"minecraft:iron_nugget":40,"minecraft:wheat":2,"minecraft:beetroot":1,"minecraft:rotten_flesh":19,"minecraft:carrot":3,"iceandfire:copper_ore":1,"forestcraft:deep_rock":238,"zombie_extreme:raw_steel":2,"byg:skyris_sapling":15,"byg:skyris_log":60,"gobber2:gobber2_ore":2,"byg:rocky_stone":107,"bloodandmadness:coldblood_dew":287,"minecraft:leather_boots":2,"vampirism:hunter_axe_ultimate":1,"lycanitesmobs:equipmentpart_geonachspear":1,"minecraft:iron_ore":63,"minecraft:quartz":14,"minecraft:netherrack":128,"minecraft:water_bucket":2,"minecraft:iron_ingot":121,"minecraft:bread":41,"gobber2:gobber2_ingot":33,"minecraft:wheat_seeds":43,"byg:pine_sapling":3,"minecraft:mossy_cobblestone":19,"minecraft:iron_helmet":5,"minecraft:cobblestone":4948,"zombie_extreme:cloth":2,"minecraft:granite":313,"byg:fir_sapling":21,"minecraft:coal":75,"lycanitesmobs:raw_chupacabra_meat":10,"mowziesmobs:wrought_axe":1,"minecraft:stick":129,"byg:cattail":1,"minecraft:lava_bucket":11,"artifacts:snorkel":1,"born_in_chaos_v1:black_argillite":52,"minecraft:diorite":270,"goblinsanddungeons:scoria":243,"minecraft:torch":115,"gobber2:gobber2_seed":448,"byg:soapstone":482,"tconstruct:copper_ore":92,"tombstone:grave_dust":5,"minecraft:iron_leggings":1,"mowziesmobs:wrought_helmet":1,"minecraft:iron_axe":1,"the_arcaneum:shadowplasm":1,"artifacts:feral_claws":3,"minecraft:bucket":1,"artifacts:digging_claws":2,"minecraft:spruce_sapling":59,"minecraft:redstone":12,"minecraft:cobblestone_wall":1,"the_arcaneum:conglomerate_ore":25,"lycanitesmobs:equipmentpart_grueclaw":1,"byg:skyris_planks":69,"minecraft:iron_boots":1,"byg:pink_anemone":2,"minecraft:totem_of_undying":1,"minecraft:pumpkin_seeds":4,"minecraft:diamond_sword":1,"minecraft:stone":71,"minecraft:shield":1,"minecraft:diamond_chestplate":3,"minecraft:andesite":184,"byg:aspen_sapling":1,"minecraft:iron_chestplate":1,"the_arcaneum:ruby_tools_sword":1,"minecraft:diamond_pickaxe":1,"minecraft:spider_eye":3,"gobber2:gobber2_pickaxe":1,"minecraft:spruce_log":64,"minecraft:diamond_boots":2,"minecraft:magma_cream":17,"minecraft:magma_block":16,"zombie_extreme:raw_tin":13,"epicfight:skillbook":1,"lycanitesmobs:stablesummoningstaff":2},"minecraft:mined":{"minecraft:spruce_planks":22,"minecraft:farmland":7,"byg:white_sage":4,"minecraft:cobblestone_stairs":2,"minecraft:spruce_trapdoor":10,"byg:cattail":3,"minecraft:granite":61,"minecraft:grass_block":568,"gobber2:gobber2_lucky_block":6,"byg:skyris_log":364,"the_arcaneum:conglomerate_ore":8,"minecraft:soul_soil":3,"minecraft:coal_block":52,"minecraft:spawner":5,"gobber2:gobber2_ore":18,"minecraft:iron_ore":351,"minecraft:fire":5,"zombie_extreme:ore_steel":4,"byg:indigo_jacaranda_leaves":1,"byg:fir_leaves":6,"gobber2:gobber2_plant_nether":68,"gobber2:gobber2_plant":624,"minecraft:torch":33,"minecraft:poppy":17,"minecraft:chest":13,"iceandfire:sapphire_ore":2,"forestcraft:deep_rock":72,"minecraft:cobblestone":127,"bloodandmadness:mercury_soaked_stone":1,"minecraft:sugar_cane":5,"minecraft:wall_torch":52,"byg:pink_anemone":8,"byg:soapstone":537,"minecraft:wheat":4,"zombie_extreme:ore_ruby":7,"byg:overgrown_stone":383,"minecraft:stone_brick_stairs":2,"minecraft:grass":95,"byg:skyris_planks":18,"minecraft:beetroots":20,"minecraft:dirt":446,"byg:aspen_leaves":2,"ob_core:platinum_ore":5,"minecraft:oak_leaves":4,"infernalexp:buried_bone":2,"farlanders:endumium_ore":2,"minecraft:diamond_ore":19,"byg:scoria_cobblestone":1,"lycanitesmobs:icefire":22,"iceandfire:silver_ore":14,"minecraft:mossy_cobblestone":27,"iceandfire:frozen_cobblestone":19,"born_in_chaos_v1:infected_diamond_ore":3,"torchmaster:megatorch":2,"iceandfire:frozen_stone":25,"minecraft:spruce_fence":7,"born_in_chaos_v1:black_argillite":51,"byg:aspen_log":26,"zombie_extreme:ore_titan":1,"minecraft:spruce_leaves":90,"byg:stripped_skyris_log":1,"morevillagers:woodworking_table":2,"minecraft:large_fern":37,"minecraft:redstone_ore":70,"graveyard:tg_moss_block":8,"zombie_extreme:ore_lead":1,"travelersbackpack:magma_cube":1,"minecraft:andesite":52,"lycanitesmobs:frostfire":84,"minecraft:bookshelf":3,"minecraft:vine":1,"byg:rocky_stone":21,"minecraft:bamboo":2,"minecraft:stone":2635,"tconstruct:copper_ore":21,"zombie_extreme:ore_aluminum":2,"byg:orange_oak_leaves":4,"minecraft:glass_pane":4,"minecraft:soul_sand":1,"lycanitesmobs:shadowfire":15,"minecraft:dandelion":6,"travelersbackpack:standard":1,"goblinsanddungeons:scoria":52,"minecraft:crafting_table":1,"minecraft:campfire":1,"minecraft:tall_grass":1,"minecraft:lapis_ore":3,"minecraft:diorite":96,"minecraft:blue_bed":1,"minecraft:air":12,"minecraft:purple_bed":2,"minecraft:cobblestone_wall":14,"byg:scoria_stone":33,"zombie_extreme:ore_tin":5,"minecraft:spruce_log":712,"minecraft:sweet_berry_bush":6,"byg:short_grass":2,"graveyard:moss_block":14,"minecraft:grass_path":219,"byg:pine_log":204,"minecraft:coal_ore":207,"byg:skyris_vine":1,"minecraft:gravel":227,"minecraft:cobweb":1,"byg:fir_log":152,"minecraft:polished_andesite":10,"lycanitesmobs:scorchfire":45,"minecraft:mossy_stone_bricks":1,"minecraft:gold_ore":23,"minecraft:fern":167},"minecraft:picked_up":{"lycanitesmobs:quillcharge":1,"lycanitesmobs:raw_chupacabra_meat":23,"minecraft:wheat":5,"iceandfire:copper_ore":4,"minecraft:lead":2,"minecraft:stone_brick_stairs":1,"born_in_chaos_v1:black_argillite":111,"iceandfire:armor_silver_metal_chestplate":1,"minecraft:lapis_block":1,"gobber2:gobber2_seed":1999,"lycanitesmobs:equipmentpart_geonachspear":4,"minecraft:string":7,"minecraft:soul_soil":18,"lycanitesmobs:raw_aspid_meat":1,"the_arcaneum:conglomerate_ore":32,"mtmechs:ta_whole_item":2,"lycanitesmobs:equipmentpart_geonachfist":4,"minecraft:beetroot":20,"byg:pine_log":181,"minecraft:gold_nugget":125,"minecraft:bucket":2,"lycanitesmobs:immunizer":2,"minecraft:spruce_planks":23,"gobber2:gobber2_paxel":2,"lycanitesmobs:raw_bobeko_meat":10,"minecraft:ender_eye":1,"minecraft:iron_pickaxe":9,"minecraft:coal_block":57,"zombie_extreme:police_suit_helmet":1,"byg:fir_sapling":51,"zombie_extreme:ruby":7,"zombie_extreme:raw_aluminum":4,"minecraft:stick":217,"born_in_chaos_v1:shattered_skull":2,"minecraft:torch":313,"iceandfire:silver_ore":13,"epicfight:skillbook":4,"minecraft:porkchop":2,"tombstone:grave_dust":25,"minecraft:diorite":378,"minecraft:vine":3,"byg:cattail":1,"byg:aspen_sapling":2,"bountifulbaubles:magic_mirror":1,"byg:pine_sapling":16,"the_arcaneum:eyeclops_eye":3,"minecraft:rotten_flesh":37,"zombie_extreme:rotten_apple":11,"lycanitesmobs:stablesummoningstaff":1,"byg:skyris_planks":16,"lycanitesmobs:equipmentpart_bansheeeye":2,"minecraft:blaze_rod":4,"minecraft:obsidian":21,"bloodandmadness:blood_stone_shard":1,"minecraft:snowball":84,"minecraft:cobblestone":9010,"lycanitesmobs:lifedraincharge":6,"iceandfire:sapphire_gem":2,"minecraft:magma_block":18,"minecraft:feather":2,"minecraft:magma_cream":5,"minecraft:water_bucket":1,"minecraft:andesite":276,"minecraft:flint":32,"travelersbackpack:magma_cube":1,"lycanitesmobs:icefireballcharge":6,"gobber2:gobber2_gooey_bread_nether":2,"minecraft:wither_skeleton_skull":1,"gobber2:gobber2_ore":29,"ob_core:platinum_raw":16,"lycanitesmobs:frostwebcharge":4,"minecraft:lapis_lazuli":139,"minecraft:dirt":1266,"minecraft:lantern":5,"minecraft:leather_boots":2,"byg:white_sage":4,"mtmechs:magicite_item":128,"minecraft:bone":68,"forestcraft:sky_fragment":4,"minecraft:bell":1,"gobber2:gobber2_gooey_beef":2,"minecraft:wheat_seeds":87,"vampirism:item_garlic":14,"lycanitesmobs:poisongland":6,"gobber2:gobber2_globette":602,"minecraft:mossy_stone_bricks":1,"minecraft:bamboo":13,"minecraft:rabbit":2,"minecraft:glowstone_dust":2,"minecraft:oak_planks":3,"lycanitesmobs:spectralboltcharge":21,"lycanitesmobs:frostboltcharge":28,"torchmaster:megatorch":2,"mtmechs:ta_stack_item":1,"lycanitesmobs:equipmentpart_reiverhorns":2,"undead_expansion:spawner_shard":4,"minecraft:mossy_cobblestone":25,"minecraft:polished_andesite":5,"lycanitesmobs:scorchfireballcharge":22,"byg:aspen_log":22,"byg:pink_anemone":8,"minecraft:diamond":34,"the_arcaneum:ruby_tools_sword":1,"minecraft:granite":371,"minecraft:emerald":13,"minecraft:netherrack":133,"gobber2:gobber2_sword":1,"minecraft:chorus_fruit":3,"gobber2:gobber2_goo":1,"minecraft:charcoal":2,"endrem:magical_eye":1,"minecraft:crafting_table":1,"byg:soapstone":694,"minecraft:packed_ice":2,"zombie_extreme:raw_tin":18,"byg:stripped_skyris_log":1,"majruszs_accessories:giant_seed":2,"morevillagers:woodworking_table":2,"iceandfire:frozen_cobblestone":19,"undead_expansion:ectoplasm":9,"iceandfire:frozen_stone":25,"artifacts:feral_claws":1,"minecraft:iron_nugget":171,"undead_expansion:rotting_arm":1,"minecraft:poppy":21,"minecraft:sugar_cane":9,"minecraft:chest":14,"byg:orange_oak_sapling":1,"minecraft:spruce_trapdoor":13,"minecraft:phantom_membrane":16,"iceandfire:ice_dragon_heart":1,"iceandfire:dragonbone":12,"undead:zombiecowmuscle":2,"minecraft:stone":204,"lycanitesmobs:frostyfur":3,"minecraft:bowl":2,"minecraft:spruce_fence":7,"byg:green_apple":274,"born_in_chaos_v1:pieceofdarkmetal":1,"minecraft:carrot":8,"minecraft:redstone":365,"iceandfire:dragon_skull_ice":1,"gobber2:gobber2_globette_nether":60,"artifacts:snorkel":1,"zombie_extreme:raw_titan":1,"lycanitesmobs:aquapulsecharge":2,"born_in_chaos_v1:diamond_thermite_shard":6,"forestcraft:deep_rock":228,"minecraft:beetroot_seeds":47,"minecraft:pumpkin_pie":4,"gobber2:gobber2_gooey_beef_nether":1,"iceandfire:dragonscales_silver":14,"lycanitesmobs:chaosorbcharge":2,"byg:fir_log":155,"minecraft:gold_ingot":36,"minecraft:totem_of_undying":2,"graveyard:tg_moss_block":8,"byg:rocky_stone":125,"minecraft:salmon":1,"gobber2:gobber2_ingot":3,"minecraft:leather":18,"gobber2:gobber2_gooey_beefstew":1,"majruszs_accessories:lucky_rock":1,"minecraft:ice":34,"minecraft:cobblestone_wall":14,"minecraft:oak_log":29,"minecraft:gunpowder":2,"divinerpg:rupee_ingot":1,"minecraft:cobblestone_stairs":5,"mowziesmobs:wrought_axe":1,"minecraft:blue_bed":2,"minecraft:paper":1,"zombie_extreme:raw_steel":6,"zombie_extreme:raw_lead":4,"byg:scoria_cobblestone":141,"bloodandmadness:quicksilver_bullet":2,"minecraft:apple":1,"minecraft:stone_bricks":1,"bloodandmadness:raw_quicksilver":1,"gobber2:gobber2_pickaxe":1,"alexsmobs:cockroach_wing_fragment":1,"lycanitesmobs:crystalshardcharge":32,"minecraft:iron_ingot":61,"byg:skyris_sapling":68,"minecraft:iron_ore":563,"farlanders:endumium_crystal":2,"zombie_extreme:cloth":2,"minecraft:glass_bottle":2,"goblinsanddungeons:scoria":306,"minecraft:soul_sand":40,"minecraft:book":9,"tconstruct:copper_ore":112,"minecraft:sweet_berries":13,"minecraft:dandelion":4,"minecraft:quartz":140,"lycanitesmobs:equipmentpart_grueclaw":3,"minecraft:lava_bucket":1,"minecraft:gravel":321,"mowziesmobs:wrought_helmet":1,"minecraft:spruce_sapling":188,"graveyard:moss_block":14,"minecraft:spruce_log":623,"minecraft:gold_ore":25,"vampirism:hunter_axe_ultimate":1,"minecraft:spider_eye":5,"minecraft:spruce_door":1,"gobber2:gobber2_seed_nether":203,"byg:skyris_log":293,"travelersbackpack:standard":4,"minecraft:pumpkin_seeds":23,"bloodandmadness:coldblood_dew":1065,"minecraft:purple_bed":2,"minecraft:slime_ball":10,"the_arcaneum:shadowplasm":3,"lycanitesmobs:equipmentpart_reaperclaw":1,"minecraft:iron_helmet":8,"minecraft:diamond_axe":1,"iceandfire:ice_dragon_flesh":1,"minecraft:melon_seeds":14,"minecraft:coal":470,"gobber2:gobber2_goo_nether":1,"minecraft:ender_pearl":11},"minecraft:custom":{"lootr:looted_stat":29,"minecraft:interact_with_crafting_table":83,"minecraft:bell_ring":2,"minecraft:leave_game":64,"minecraft:time_since_death":123894,"minecraft:sprint_one_cm":2945073,"minecraft:drop":481,"minecraft:talked_to_villager":3,"minecraft:deaths":57,"tombstone:tomb_raiding":2,"minecraft:jump":6974,"minecraft:interact_with_brewingstand":1,"minecraft:walk_on_water_one_cm":67718,"minecraft:interact_with_furnace":138,"minecraft:traded_with_villager":11,"minecraft:play_one_minute":1860068,"minecraft:sleep_in_bed":41,"tombstone:sneak_grave":13,"minecraft:damage_dealt":85285,"minecraft:player_kills":13,"minecraft:crouch_one_cm":377502,"tombstone:undead_killed":86,"tombstone:villager_killed":1,"minecraft:horse_one_cm":2754,"minecraft:interact_with_anvil":9,"minecraft:mob_kills":303,"minecraft:climb_one_cm":215602,"minecraft:walk_one_cm":2761675,"minecraft:damage_dealt_absorbed":560,"minecraft:sneak_time":130033,"minecraft:walk_under_water_one_cm":33817,"tombstone:raider_killed":7,"minecraft:time_since_rest":4401,"minecraft:damage_taken":34140,"minecraft:swim_one_cm":8487,"minecraft:fly_one_cm":835346,"minecraft:open_chest":748,"minecraft:fall_one_cm":271841},"minecraft:killed_by":{"minecraft:evoker":1,"zombie_extreme:night_hunter":1,"minecraft:piglin_brute":4,"zombie_extreme:infected_military":1,"iceandfire:ice_dragon":1,"minecraft:blaze":1,"lycanitesmobs:afrit":2,"zombienation:zombie_3":2,"the_arcaneum:eyeclops":7,"zombienation:zombie_4":1,"undead_expansion:haunter":1,"minecraft:player":1,"minecraft:iron_golem":1,"lycanitesmobs:chupacabra":2,"mowziesmobs:ferrous_wroughtnaut":4,"lycanitesmobs:geonach":1,"lycanitesmobs:reiver":9,"lycanitesmobs:barghest":1,"bloodandmadness:brainsucker":1,"lycanitesmobs:grue":2,"lycanitesmobs:vapula":1,"zombienation:zombie_8":1,"lycanitesmobs:wraamon":1},"minecraft:crafted":{"gobber2:gobber2_leggings":1,"minecraft:stone":64,"gobber2:gobber2_chestplate":1,"lycanitesmobs:stablesummoningstaff":1,"minecraft:iron_boots":2,"minecraft:chest":88,"byg:fir_planks":144,"zombie_extreme:ignot_aluminum":4,"torchmaster:megatorch":3,"zombie_extreme:ignotlead":4,"gobber2:gobber2_ingot":93,"minecraft:diamond_axe":6,"minecraft:spruce_planks":120,"minecraft:iron_helmet":2,"minecraft:gold_block":5,"epicfight:iron_longsword":1,"ob_core:platinum_ingot":16,"minecraft:emerald_block":2,"minecraft:iron_chestplate":2,"minecraft:diamond_pickaxe":1,"minecraft:stick":628,"minecraft:iron_ingot":479,"minecraft:iron_pickaxe":9,"minecraft:iron_block":6,"minecraft:gold_ingot":81,"armoroftheages:bamboo_hat":1,"lycanitesmobs:summoningstaff":1,"minecraft:spruce_log":6,"minecraft:coal":270,"zombie_extreme:ignotsteel":5,"minecraft:birch_log":60,"mca:bouquet":4,"minecraft:bone_meal":30,"travelersbackpack:magma_cube":1,"gobber2:gobber2_glob":75,"minecraft:ladder":84,"minecraft:iron_hoe":1,"zombie_extreme:ignot_titan":1,"trashcans:item_trash_can":1,"byg:fir_crafting_table":1,"zombie_extreme:ignot_tin":3,"iceandfire:copper_ingot":3,"mca:engagement_ring":1,"gobber2:gobber2_seed":8,"iceandfire:silver_ingot":13,"lycanitesmobs:boulderblastcharge":24,"minecraft:iron_sword":3,"minecraft:bucket":12,"minecraft:air":0,"epicfight:iron_tachi":3,"byg:skyris_planks":960,"minecraft:iron_leggings":2,"minecraft:anvil":2,"minecraft:torch":1444},"minecraft:broken":{"minecraft:iron_boots":3,"minecraft:iron_chestplate":2,"minecraft:iron_leggings":2,"epicfight:iron_tachi":2,"minecraft:iron_axe":1,"minecraft:iron_pickaxe":10,"minecraft:iron_helmet":3},"minecraft:killed":{"lycanitesmobs:arix":4,"zombie_extreme:night_hunter":5,"lycanitesmobs:roc":5,"minecraft:spider":1,"divinerpg:the_eye":1,"lycanitesmobs:spriggan":4,"the_arcaneum:sleep_paralysis_demon":2,"undead:zombiecow":1,"lycanitesmobs:gnekk":4,"lycanitesmobs:volcan":1,"lycanitesmobs:bobeko":3,"bloodandmadness:beast_patient":4,"mutantmore:rodling":1,"lycanitesmobs:vapula":6,"artifacts:mimic":1,"mtmechs:tunnelarmor":1,"hmm:freddykrueger":2,"lycanitesmobs:aegis":5,"zombie_extreme:infected_hazmat":2,"lycanitesmobs:frostweaver":1,"lycanitesmobs:aspid":1,"lycanitesmobs:wraamon":2,"zombienation:chesthead":1,"undead_expansion:haunter":8,"zombie_extreme:chainsaw":1,"minecraft:pillager":4,"minecraft:zombie":13,"the_arcaneum:butterfly":1,"born_in_chaos_v1:dread_hound":1,"zombienation:zombie_7":3,"born_in_chaos_v1:diamond_thermite":9,"zombienation:zombie_8":4,"zombie_extreme:infected_police":1,"lycanitesmobs:geonach":31,"zombie_extreme:fetus":1,"divinerpg:hell_pig":1,"minecraft:evoker":1,"lycanitesmobs:banshee":5,"lycanitesmobs:reaper":11,"minecraft:vindicator":2,"zombienation:zombie_2":2,"lycanitesmobs:darkling":1,"zombienation:zombie_6":5,"zombienation:zombie_5":5,"bloodandmadness:brainsucker":1,"mowziesmobs:ferrous_wroughtnaut":1,"lycanitesmobs:ent":22,"zombienation:zombie_1":12,"forestcraft:worm":7,"zombie_extreme:runner":5,"zombie_extreme:boomer":5,"zombie_extreme:infected":1,"lycanitesmobs:grue":7,"zombie_extreme:infected_military":2,"born_in_chaos_v1:baby_skeleton":1,"lycanitesmobs:barghest":2,"born_in_chaos_v1:decrepit_skeleton":3,"lycanitesmobs:salamander":1,"divinerpg:miner":1,"lycanitesmobs:chupacabra":13,"zombienation:zombie_3":10,"lycanitesmobs:jengu":1,"zombienation:zombie_4":3,"iceandfire:ice_dragon":1,"mca:female_villager":1,"lycanitesmobs:afrit":13,"lycanitesmobs:reiver":15,"minecraft:wither_skeleton":1,"lycanitesmobs:jabberwock":2},"minecraft:used":{"gobber2:gobber2_goo":1,"minecraft:diamond_hoe":1225,"minecraft:ladder":72,"trashcans:item_trash_can":1,"minecraft:bell":1,"minecraft:chest":100,"minecraft:iron_sword":248,"minecraft:stone":73,"minecraft:carrot":2,"minecraft:obsidian":1,"minecraft:lava_bucket":5,"minecraft:lantern":5,"gobber2:gobber2_hammer":948,"byg:fir_log":155,"carryon:tile_item":8,"minecraft:beetroot_seeds":22,"byg:green_apple":1,"gobber2:gobber2_pickaxe":810,"minecraft:mossy_stone_bricks":1,"minecraft:diorite":12,"the_arcaneum:conglomerate_ore":5,"gobber2:gobber2_seed_nether":203,"minecraft:blue_bed":2,"epicfight:iron_longsword":14,"minecraft:diamond_axe":236,"tconstruct:copper_ore":4,"minecraft:sponge":2,"epicfight:iron_tachi":515,"byg:orange_oak_sapling":1,"minecraft:bread":124,"tombstone:grave_key":1,"mtmechs:ta_whole_item":3,"minecraft:gravel":1,"travelersbackpack:magma_cube":1,"minecraft:andesite":19,"minecraft:air":12,"minecraft:bone_meal":30,"gobber2:gobber2_paxel":1847,"minecraft:spruce_planks":1,"byg:aspen_log":26,"minecraft:torch":1480,"minecraft:dirt":911,"minecraft:anvil":2,"byg:pink_anemone":1,"minecraft:spruce_fence":5,"minecraft:iron_hoe":192,"minecraft:iron_axe":88,"carryon:entity_item":5,"goblinsanddungeons:scoria":32,"byg:skyris_log":360,"gobber2:gobber2_seed":1205,"gobber2:gobber2_sword":1009,"tombstone:gift":8,"torchmaster:megatorch":5,"minecraft:wheat_seeds":1,"minecraft:water_bucket":62,"byg:fir_crafting_table":1,"minecraft:cobblestone_stairs":1,"minecraft:rabbit":2,"lycanitesmobs:raw_chupacabra_meat":2,"minecraft:polished_andesite":6,"byg:rocky_stone":4,"minecraft:mossy_cobblestone":6,"minecraft:crafting_table":1,"minecraft:spruce_log":707,"byg:skyris_door":10,"forestcraft:deep_rock":5,"minecraft:diamond_pickaxe":64,"byg:skyris_planks":409,"minecraft:iron_pickaxe":2559,"minecraft:spruce_trapdoor":7,"byg:soapstone":6,"minecraft:cobblestone":864,"minecraft:purple_bed":2,"byg:scoria_cobblestone":1,"byg:pine_log":204,"travelersbackpack:standard":28,"minecraft:bucket":81,"byg:skyris_sapling":15}},"DataVersion":2586}