{
  "mca:recipes/building_blocks/headstones": {
    "criteria": {
      "has_ingredients": "2024-05-26 03:21:06 +0000"
    },
    "done": true
  },
  "mca:recipes/misc/potions": {
    "criteria": {
      "has_item": "2024-05-26 03:21:06 +0000"
    },
    "done": true
  },
  "lootr:root": {
    "criteria": {
      "always_true": "2024-05-26 03:21:06 +0000"
    },
    "done": true
  },
  "tombstone:adventure/root": {
    "criteria": {
      "auto": "2024-05-26 03:21:06 +0000"
    },
    "done": true
  },
  "cataclysm:root": {
    "criteria": {
      "custom_test_name": "2024-05-26 03:21:06 +0000"
    },
    "done": true
  },
  "hmm:difficulty_medium": {
    "criteria": {
      "difficulty_medium": "2024-05-26 03:21:06 +0000"
    },
    "done": true
  },
  "obscure_api:recipes/obscure_book": {
    "criteria": {
      "has_item": "2024-05-26 03:21:06 +0000"
    },
    "done": true
  },
  "undead:undeadto": {
    "criteria": {
      "undeadto": "2024-05-26 03:21:06 +0000"
    },
    "done": true
  },
  "hmm:hmm_advancements": {
    "criteria": {
      "hmm_advancements": "2024-05-26 03:21:06 +0000"
    },
    "done": true
  },
  "mca:recipes/building_blocks/rose_gold_block": {
    "criteria": {
      "has_item": "2024-05-26 03:21:06 +0000"
    },
    "done": true
  },
  "tconstruct:tools/materials_and_you": {
    "criteria": {
      "crafted_book": "2024-05-26 03:21:06 +0000"
    },
    "done": true
  },
  "dungeons_arise:wda_root": {
    "criteria": {
      "WDA": "2024-05-26 03:21:06 +0000"
    },
    "done": true
  },
  "undead_expansion:undead_expansion": {
    "criteria": {
      "undead_expansion": "2024-05-26 03:21:06 +0000"
    },
    "done": true
  },
  "mca:recipes/misc/needle_and_thread": {
    "criteria": {
      "has_item": "2024-05-26 03:21:06 +0000"
    },
    "done": true
  },
  "mca:recipes/misc/comb": {
    "criteria": {
      "has_item": "2024-05-26 03:21:06 +0000"
    },
    "done": true
  },
  "majruszs_difficulty:progressive_difficulty/normal_mode": {
    "criteria": {
      "game_state": "2024-05-26 03:21:06 +0000"
    },
    "done": true
  },
  "mca:recipes/misc/rose_gold_ingot_blasting": {
    "criteria": {
      "has_item": "2024-05-26 03:21:06 +0000"
    },
    "done": true
  },
  "morevillagers:root": {
    "criteria": {
      "always": "2024-05-26 03:21:06 +0000"
    },
    "done": true
  },
  "mca:recipes/misc/family_tree": {
    "criteria": {
      "has_item": "2024-05-26 03:21:06 +0000"
    },
    "done": true
  },
  "mca:root": {
    "criteria": {
      "village_taiga": "2024-05-26 03:21:06 +0000",
      "village_savanna": "2024-05-26 03:21:06 +0000",
      "village_snowy": "2024-05-26 03:21:06 +0000",
      "village_desert": "2024-05-26 03:21:06 +0000",
      "village_plains": "2024-05-26 03:21:06 +0000"
    },
    "done": true
  },
  "the_arcaneum:the_arcaneum": {
    "criteria": {
      "the_arcaneum": "2024-05-26 03:21:06 +0000"
    },
    "done": true
  },
  "divinerpg:overworld/root": {
    "criteria": {
      "divinerpg": "2024-05-26 03:21:06 +0000"
    },
    "done": true
  },
  "iceandfire:iceandfire/root": {
    "criteria": {
      "tick": "2024-05-26 03:21:06 +0000"
    },
    "done": true
  },
  "goblinsanddungeons:goblinsanddungeons/root": {
    "criteria": {
      "tick": "2024-05-26 03:21:06 +0000"
    },
    "done": true
  },
  "hmm:difficulty_hard": {
    "criteria": {
      "difficulty_hard": "2024-05-26 03:21:06 +0000"
    },
    "done": true
  },
  "mca:recipes/misc/books": {
    "criteria": {
      "has_item": "2024-05-26 03:21:06 +0000"
    },
    "done": true
  },
  "mca:recipes/misc/rose_gold_ingot_smelting": {
    "criteria": {
      "has_item": "2024-05-26 03:21:06 +0000"
    },
    "done": true
  },
  "bossominium:loot_bosses_a": {
    "criteria": {
      "loot_bosses_a": "2024-05-26 03:21:06 +0000"
    },
    "done": true
  },
  "mca:recipes/misc/blueprint": {
    "criteria": {
      "has_item": "2024-05-26 03:21:06 +0000"
    },
    "done": true
  },
  "dead_guys_untitled_deep_dark_:deep_dark": {
    "criteria": {
      "deep_dark": "2024-05-26 03:21:06 +0000"
    },
    "done": true
  },
  "mca:recipes/misc/whistle": {
    "criteria": {
      "has_item": "2024-05-26 03:21:06 +0000"
    },
    "done": true
  },
  "hmm:kill_monsters": {
    "criteria": {
      "kill_monsters": "2024-05-26 03:21:06 +0000"
    },
    "done": true
  },
  "mca:recipes/misc/rose_gold_ingot": {
    "criteria": {
      "has_item": "2024-05-26 03:21:06 +0000"
    },
    "done": true
  },
  "hmm:difficulty_easy": {
    "criteria": {
      "difficulty_easy": "2024-05-26 03:21:06 +0000"
    },
    "done": true
  },
  "mowziesmobs:root": {
    "criteria": {
      "custom_test_name": "2024-05-26 03:21:06 +0000"
    },
    "done": true
  },
  "mca:recipes/misc/staff_of_life": {
    "criteria": {
      "has_item": "2024-05-26 03:21:06 +0000"
    },
    "done": true
  },
  "DataVersion": 2586
}